subject,condition,repeat,alpha,alpha_se,beta,beta_se,psuedoR2,BIC
money,3002,1,0.458395,0.136926,1.713035,0.294396,0.249681,91.977136
money,3002,2,0.458395,0.268741,1.713035,1.495327,0.249681,91.977136
money,3002,3,0.458395,0.233084,1.713035,0.259633,0.249681,91.977136
money,3002,4,0.458395,0.120186,1.713035,0.462369,0.249681,91.977136
money,3002,5,0.458395,0.321441,1.713035,0.470711,0.249681,91.977136
money,3002,6,0.458395,0.130895,1.713035,0.380006,0.249681,91.977136
money,3002,7,0.458395,0.271895,1.713035,0.091922,0.249681,91.977136
money,3002,8,0.458395,0.356025,1.713035,1.014430,0.249681,91.977136
money,3002,9,0.458395,0.325998,1.713035,1.572272,0.249681,91.977136
money,3002,10,0.458395,0.187841,1.713035,0.925166,0.249681,91.977136
money,3004,1,0.253355,0.200143,49.999978,45.559826,0.907763,21.849097
money,3004,2,0.253355,0.143162,49.999978,44.558453,0.907763,21.849097
money,3004,3,0.253355,0.242261,49.999978,48.769483,0.907763,21.849097
money,3004,4,0.253355,0.128492,49.999978,46.296540,0.907763,21.849097
money,3004,5,0.253355,0.397382,49.999978,51.234653,0.907763,21.849097
money,3004,6,0.253355,0.198766,49.999999,45.305103,0.907763,21.849097
money,3004,7,0.253355,0.192957,49.999978,38.496963,0.907763,21.849097
money,3004,8,0.253355,0.244003,49.999999,49.632311,0.907763,21.849097
money,3004,9,0.253355,0.203141,49.999978,47.226612,0.907763,21.849097
money,3004,10,0.253355,0.176877,49.999978,41.071264,0.907763,21.849097
money,3005,1,0.001717,0.003967,49.944936,4.600776,0.172236,122.795154
money,3005,2,0.001718,0.000662,49.931205,14.867657,0.172236,122.795154
money,3005,3,0.001716,0.005420,49.997241,155.146223,0.172236,122.795154
money,3005,4,0.001725,0.006566,49.727091,214.411987,0.172236,122.795155
money,3005,5,0.001718,0.001831,49.931198,47.992735,0.172236,122.795155
money,3005,6,0.001718,0.001982,49.931206,56.656081,0.172236,122.795154
money,3005,7,0.001718,0.004293,49.931005,6.103538,0.172236,122.795154
money,3005,8,0.001718,0.030525,49.931198,207.552443,0.172236,122.795154
money,3005,9,0.001716,0.004707,49.986209,127.029782,0.172236,122.795155
money,3005,10,0.001717,0.006095,49.944930,177.595140,0.172236,122.795154
money,3006,1,0.108666,0.041272,5.312633,4.375658,0.381389,94.968096
money,3006,2,0.108666,0.093621,5.312633,0.757708,0.381389,94.968096
money,3006,3,0.108666,0.048520,5.312634,0.502322,0.381389,94.968096
money,3006,4,0.108666,0.488360,5.312633,2.728217,0.381389,94.968096
money,3006,5,0.108666,0.059041,5.312633,1.411268,0.381389,94.968096
money,3006,6,0.108666,0.085142,5.312633,0.680347,0.381389,94.968096
money,3006,7,0.108666,0.103664,5.312633,4.084945,0.381389,94.968096
money,3006,8,0.108666,0.049654,5.312633,1.793218,0.381389,94.968096
money,3006,9,0.108666,0.019522,5.312633,1.399441,0.381389,94.968096
money,3006,10,0.108666,0.052276,5.312633,1.172581,0.381389,94.968096
money,3010,1,0.300446,0.126323,3.425682,0.689086,0.570303,64.464102
money,3010,2,0.300446,0.183181,3.425682,0.710041,0.570303,64.464102
money,3010,3,0.300446,0.108204,3.425682,0.585439,0.570303,64.464102
money,3010,4,0.300446,0.104728,3.425682,0.849469,0.570303,64.464102
money,3010,5,0.300446,0.186105,3.425682,0.902938,0.570303,64.464102
money,3010,6,0.300446,0.134814,3.425682,0.604335,0.570303,64.464102
money,3010,7,0.300446,0.122217,3.425682,0.754422,0.570303,64.464102
money,3010,8,0.300446,0.105860,3.425682,0.776137,0.570303,64.464102
money,3010,9,0.300446,0.108749,3.425682,0.848424,0.570303,64.464102
money,3010,10,0.300446,0.101781,3.425682,0.722021,0.570303,64.464102
money,3011,1,0.722849,0.115339,3.666285,0.486498,0.628365,55.904544
money,3011,2,0.722849,0.244084,3.666285,0.352069,0.628365,55.904544
money,3011,3,0.722849,0.226140,3.666285,1.452728,0.628365,55.904544
money,3011,4,0.722849,0.118323,3.666285,0.870446,0.628365,55.904544
money,3011,5,0.722849,0.112232,3.666285,0.821117,0.628365,55.904544
money,3011,6,0.722849,0.128073,3.666285,0.621496,0.628365,55.904544
money,3011,7,0.722849,0.096229,3.666285,0.685090,0.628365,55.904544
money,3011,8,0.722849,0.116248,3.666285,0.700983,0.628365,55.904544
money,3011,9,0.722849,0.111865,3.666285,0.818857,0.628365,55.904544
money,3011,10,0.722849,0.105680,3.666285,0.832533,0.628365,55.904544
money,3014,1,0.000000,12659.742776,18.267118,163871.619118,-0.000000,140.805718
money,3014,2,0.000000,355.108975,28.289848,1511.952241,-0.000000,140.805718
money,3014,3,0.000000,13377.145685,42.890159,148750.131001,-0.000000,140.805718
money,3014,4,0.000000,3279.814053,31.944770,49006.940252,-0.000000,140.805718
money,3014,5,0.000000,14168.789177,10.764869,197035.761222,-0.000000,140.805718
money,3014,6,0.000001,1733.280826,4.700413,31419.470215,-0.000000,140.805718
money,3014,7,0.000000,1531.340972,21.387924,27879.979313,-0.000000,140.805718
money,3014,8,0.000000,11370.495684,13.365377,142530.429028,-0.000000,140.805718
money,3014,9,0.000000,9730.478568,2.398969,128862.626138,-0.000000,140.805718
money,3014,10,0.000000,0.000000,9.663683,0.000000,-0.000000,140.805718
money,3015,1,0.022518,0.007001,49.999997,3.326740,0.858524,28.823144
money,3015,2,0.022518,0.033539,49.999987,64.597817,0.858524,28.823144
money,3015,3,0.022518,0.032226,49.999598,68.028636,0.858524,28.823144
money,3015,4,0.022518,0.032105,49.999920,65.579197,0.858524,28.823144
money,3015,5,0.022518,0.027106,49.999743,63.622887,0.858524,28.823144
money,3015,6,0.022518,0.011585,49.999949,20.493526,0.858524,28.823144
money,3015,7,0.022518,0.051691,49.999997,69.825404,0.858524,28.823144
money,3015,8,0.022518,0.030752,49.999936,64.777781,0.858524,28.823144
money,3015,9,0.022518,0.031621,49.999679,66.698942,0.858524,28.823144
money,3015,10,0.022518,0.007064,49.999987,3.901198,0.858524,28.823144
money,3016,1,0.081320,0.074693,7.051657,4.535068,0.421915,89.349899
money,3016,2,0.081320,0.120276,7.051656,9.478966,0.421915,89.349899
money,3016,3,0.081320,0.028325,7.051657,1.650591,0.421915,89.349899
money,3016,4,0.081320,1.103125,7.051657,5.831295,0.421915,89.349899
money,3016,5,0.081320,0.073974,7.051657,2.006443,0.421915,89.349899
money,3016,6,0.081320,0.068047,7.051655,5.304683,0.421915,89.349899
money,3016,7,0.081320,0.047785,7.051658,1.678664,0.421915,89.349899
money,3016,8,0.081320,0.043257,7.051656,0.241344,0.421915,89.349899
money,3016,9,0.081320,0.034272,7.051655,0.955019,0.421915,89.349899
money,3016,10,0.081320,0.105400,7.051656,0.772120,0.421915,89.349899
money,3017,1,0.034344,0.121207,38.581738,99.072120,0.847251,30.385864
money,3017,2,0.034343,0.132725,38.582791,130.040908,0.847251,30.385864
money,3017,3,0.034343,0.107250,38.582395,92.251788,0.847251,30.385864
money,3017,4,0.034344,0.088440,38.581887,79.001743,0.847251,30.385864
money,3017,5,0.034343,0.074960,38.582373,123.933551,0.847251,30.385864
money,3017,6,0.034342,0.113436,38.582847,101.665405,0.847251,30.385864
money,3017,7,0.034342,0.165242,38.583449,138.911888,0.847251,30.385864
money,3017,8,0.034344,0.207420,38.581704,159.267125,0.847251,30.385864
money,3017,9,0.034342,0.112887,38.583396,101.161535,0.847251,30.385864
money,3017,10,0.034343,0.122616,38.582145,100.179510,0.847251,30.385864
money,3018,1,0.003973,0.002308,49.855128,26.571243,0.437399,87.203368
money,3018,2,0.003961,0.003459,49.998834,41.516505,0.437399,87.203368
money,3018,3,0.003961,0.004348,49.999767,52.997869,0.437399,87.203368
money,3018,4,0.003961,0.003205,49.994172,38.362834,0.437399,87.203368
money,3018,5,0.003961,0.008357,49.999767,109.341906,0.437399,87.203368
money,3018,6,0.003963,0.003873,49.970889,55.102088,0.437399,87.203368
money,3018,7,0.004019,0.004628,49.292070,55.565156,0.437399,87.203368
money,3018,8,0.003961,0.008732,49.998834,108.040407,0.437399,87.203368
money,3018,9,0.003961,0.006648,49.998834,86.431590,0.437399,87.203368
money,3018,10,0.003961,0.001930,49.995338,21.218307,0.437399,87.203368
money,3020,1,0.008171,0.003175,49.999989,4.887470,0.426478,87.086825
money,3020,2,0.008171,0.009496,49.999141,58.728293,0.426478,87.086825
money,3020,3,0.008171,0.005170,49.999989,29.878421,0.426478,87.086825
money,3020,4,0.008171,0.005308,49.999998,36.949307,0.426478,87.086825
money,3020,5,0.008171,0.010122,49.999946,62.990055,0.426478,87.086826
money,3020,6,0.008171,0.004501,49.999989,88.076376,0.426478,87.086825
money,3020,7,0.008171,0.003064,49.999732,53.758330,0.426478,87.086825
money,3020,8,0.008172,0.078575,49.998927,79.820670,0.426478,87.086825
money,3020,9,0.008171,0.022694,49.999989,146.145088,0.426478,87.086825
money,3020,10,0.008172,0.073381,49.998927,26.878933,0.426478,87.086825
money,3021,1,0.518814,0.094225,8.880462,3.477826,0.839321,31.242280
money,3021,2,0.518814,0.064968,8.880463,4.973627,0.839321,31.242280
money,3021,3,0.518814,0.080737,8.880463,2.795694,0.839321,31.242280
money,3021,4,0.518814,0.390613,8.880463,1.365590,0.839321,31.242280
money,3021,5,0.518814,0.106818,8.880463,4.159300,0.839321,31.242280
money,3021,6,0.518814,0.184820,8.880463,2.044404,0.839321,31.242280
money,3021,7,0.518814,0.084692,8.880463,3.312187,0.839321,31.242280
money,3021,8,0.518814,0.082714,8.880462,1.767782,0.839321,31.242280
money,3021,9,0.518814,0.079600,8.880463,2.571696,0.839321,31.242280
money,3021,10,0.518814,0.091983,8.880462,2.343718,0.839321,31.242280
money,3023,1,0.027542,0.007477,49.999993,6.440446,0.788366,38.235590
money,3023,2,0.027542,0.030703,49.999965,49.074529,0.788366,38.235590
money,3023,3,0.027542,0.030768,49.999993,55.675431,0.788366,38.235590
money,3023,4,0.027542,0.025173,49.999993,39.078974,0.788366,38.235590
money,3023,5,0.027542,0.029955,49.999993,58.329383,0.788366,38.235590
money,3023,6,0.027542,0.009459,49.999993,11.884746,0.788366,38.235590
money,3023,7,0.027542,0.034207,49.999993,46.501780,0.788366,38.235590
money,3023,8,0.027542,0.012422,49.999993,42.942624,0.788366,38.235590
money,3023,9,0.027542,0.040704,49.999993,47.812158,0.788366,38.235590
money,3023,10,0.027542,0.017582,49.999993,48.631869,0.788366,38.235590
money,3026,1,0.255321,0.081346,5.052259,2.608131,0.661634,52.689114
money,3026,2,0.255321,0.607737,5.052259,1.294715,0.661634,52.689114
money,3026,3,0.255321,0.125953,5.052259,0.416959,0.661634,52.689114
money,3026,4,0.255321,0.863211,5.052259,0.966753,0.661634,52.689114
money,3026,5,0.255321,0.075236,5.052259,1.146085,0.661634,52.689114
money,3026,6,0.255321,0.077472,5.052259,0.949685,0.661634,52.689114
money,3026,7,0.255321,0.090030,5.052259,0.870767,0.661634,52.689114
money,3026,8,0.255321,0.092235,5.052259,1.030860,0.661634,52.689114
money,3026,9,0.255321,0.066520,5.052259,0.655874,0.661634,52.689114
money,3026,10,0.255321,0.156355,5.052259,1.468170,0.661634,52.689114
money,3029,1,0.127460,0.144440,5.756327,0.142927,0.438204,87.091866
money,3029,2,0.127460,0.375695,5.756326,7.139081,0.438204,87.091866
money,3029,3,0.127460,1.236914,5.756326,13.165405,0.438204,87.091866
money,3029,4,0.127460,0.077061,5.756327,0.561382,0.438204,87.091866
money,3029,5,0.127460,0.062598,5.756326,1.883031,0.438204,87.091866
money,3029,6,0.127460,0.054180,5.756326,0.813889,0.438204,87.091866
money,3029,7,0.127460,0.053867,5.756327,2.414521,0.438204,87.091866
money,3029,8,0.127460,0.106619,5.756326,2.428891,0.438204,87.091866
money,3029,9,0.127460,0.089019,5.756326,4.118821,0.438204,87.091866
money,3029,10,0.127460,0.038587,5.756326,0.756646,0.438204,87.091866
money,3030,1,0.085750,0.151956,12.369786,11.089190,0.806555,36.027449
money,3030,2,0.085750,0.045488,12.369771,10.789587,0.806555,36.027449
money,3030,3,0.085750,0.483989,12.369773,8.946184,0.806555,36.027449
money,3030,4,0.085750,0.110692,12.369799,6.677311,0.806555,36.027449
money,3030,5,0.085750,0.082783,12.369772,10.402189,0.806555,36.027449
money,3030,6,0.085750,0.126281,12.369773,11.845144,0.806555,36.027449
money,3030,7,0.085750,0.046096,12.369777,4.563963,0.806555,36.027449
money,3030,8,0.085750,0.230825,12.369777,4.056584,0.806555,36.027449
money,3030,9,0.085750,0.112998,12.369777,9.260571,0.806555,36.027449
money,3030,10,0.085750,0.957940,12.369770,5.834870,0.806555,36.027449
money,3033,1,0.153676,0.927234,4.092480,8.217850,0.375178,95.829042
money,3033,2,0.153676,0.042898,4.092480,0.309745,0.375178,95.829042
money,3033,3,0.153676,0.093187,4.092480,0.564942,0.375178,95.829042
money,3033,4,0.153676,0.143558,4.092480,1.120652,0.375178,95.829042
money,3033,5,0.153676,0.089796,4.092480,1.311330,0.375178,95.829042
money,3033,6,0.153676,0.095800,4.092480,2.736961,0.375178,95.829042
money,3033,7,0.153676,0.103114,4.092480,0.266010,0.375178,95.829042
money,3033,8,0.153676,0.351729,4.092480,5.048063,0.375178,95.829042
money,3033,9,0.153676,0.098632,4.092480,2.287432,0.375178,95.829042
money,3033,10,0.153676,0.122220,4.092480,1.078038,0.375178,95.829042
money,3034,1,0.999999,0.003566,0.824907,57.236867,0.239242,104.993495
money,3034,2,0.003513,0.002029,49.935749,25.674687,0.239242,104.993495
money,3034,3,0.003508,0.005893,49.999485,81.375067,0.239242,104.993495
money,3034,4,0.003509,0.002893,49.997424,41.489374,0.239242,104.993495
money,3034,5,0.003508,0.003088,49.999485,27.566448,0.239242,104.993495
money,3034,6,1.000000,0.001568,0.824907,19.288415,0.239242,104.993495
money,3034,7,0.999999,0.004366,0.824907,90.171325,0.239242,104.993495
money,3034,8,0.003508,0.003479,49.999979,52.298486,0.239242,104.993495
money,3034,9,0.999999,0.001142,0.824907,12.491089,0.239242,104.993495
money,3034,10,0.003508,0.002073,49.999974,26.648791,0.239242,104.993495
money,3036,1,0.021835,0.068222,49.999670,97.264169,0.863790,27.884145
money,3036,2,0.021835,0.048265,49.999996,85.310897,0.863790,27.884145
money,3036,3,0.021835,0.469350,49.999984,76.262297,0.863790,27.884145
money,3036,4,0.021835,0.037071,49.999984,80.774441,0.863790,27.884145
money,3036,5,0.021835,0.009573,49.999918,15.651163,0.863790,27.884145
money,3036,6,0.021835,0.014828,49.999670,29.060733,0.863790,27.884145
money,3036,7,0.021835,0.044338,49.999996,75.355637,0.863790,27.884145
money,3036,8,0.021835,0.006891,49.999996,5.541680,0.863790,27.884145
money,3036,9,0.021835,0.010495,49.999918,18.499511,0.863790,27.884145
money,3036,10,0.021835,0.045202,49.999897,78.952145,0.863790,27.884145
money,3037,1,0.253188,0.042951,9.303132,32.789166,0.876238,25.407004
money,3037,2,0.253187,0.162797,9.303158,18.341991,0.876238,25.407004
money,3037,3,0.253188,0.054914,9.303142,47.870123,0.876238,25.407004
money,3037,4,0.064338,0.050780,40.393429,42.204824,0.876238,25.407004
money,3037,5,0.064338,0.051143,40.393514,42.704868,0.876238,25.407004
money,3037,6,0.253188,0.045689,9.303135,27.609538,0.876238,25.407004
money,3037,7,0.253188,0.050703,9.303135,42.132993,0.876238,25.407004
money,3037,8,0.253187,0.050335,9.303152,40.324680,0.876238,25.407004
money,3037,9,0.064339,0.051039,40.393244,42.348300,0.876238,25.407004
money,3037,10,0.253188,0.040220,9.303140,42.129777,0.876238,25.407004
money,3039,1,0.014394,0.388518,21.632964,0.512177,0.353817,94.208729
money,3039,2,0.964232,0.136988,1.964533,0.344142,0.353817,94.208729
money,3039,3,0.014390,0.319668,21.639067,1.015100,0.353817,94.208729
money,3039,4,0.014397,0.618137,21.629727,1.492909,0.353817,94.208729
money,3039,5,0.014389,0.467785,21.641184,0.655917,0.353817,94.208729
money,3039,6,0.964232,0.091453,1.964533,0.315792,0.353817,94.208729
money,3039,7,0.964232,0.221913,1.964533,0.308268,0.353817,94.208729
money,3039,8,0.964232,0.637713,1.964533,0.300561,0.353817,94.208729
money,3039,9,0.014390,0.279531,21.639221,2.174008,0.353817,94.208729
money,3039,10,0.014388,0.238837,21.642388,0.688646,0.353817,94.208729
money,3040,1,0.002125,0.002355,49.999762,55.550936,0.143247,126.773659
money,3040,2,0.002126,0.001034,49.970287,20.494579,0.143247,126.773659
money,3040,3,0.002125,0.006063,49.994053,125.782691,0.143247,126.773659
money,3040,4,0.002130,0.002408,49.881577,55.305716,0.143247,126.773659
money,3040,5,0.002130,0.002460,49.881566,60.771431,0.143247,126.773659
money,3040,6,0.002125,0.001721,49.994052,32.227737,0.143247,126.773659
money,3040,7,0.002132,0.001020,49.852150,19.761121,0.143247,126.773659
money,3040,8,0.002125,0.004895,49.998810,114.064400,0.143247,126.773659
money,3040,9,0.002126,0.001054,49.970289,21.038198,0.143247,126.773659
money,3040,10,0.002246,0.000585,47.336939,4.305915,0.143247,126.773659
money,3041,1,0.023863,0.009398,49.999997,14.602884,0.825315,32.639386
money,3041,2,0.023863,0.015256,49.999997,28.384630,0.825315,32.639386
money,3041,3,0.023863,0.008067,49.999986,11.670623,0.825315,32.639386
money,3041,4,0.023863,0.022383,49.999997,43.051030,0.825315,32.639386
money,3041,5,0.023863,0.028245,49.999729,57.875104,0.825315,32.639386
money,3041,6,0.023863,0.052211,49.999997,84.300618,0.825315,32.639386
money,3041,7,0.023863,0.023286,49.999932,48.446540,0.825315,32.639386
money,3041,8,0.023863,0.006855,49.999986,7.343861,0.825315,32.639386
money,3041,9,0.023863,0.019710,49.999997,39.440247,0.825315,32.639386
money,3041,10,0.023863,0.010195,49.999997,17.258602,0.825315,32.639386
money,3043,1,0.476970,0.265301,4.745679,1.119158,0.734339,45.261821
money,3043,2,0.476970,0.134892,4.745679,1.116987,0.734339,45.261821
money,3043,3,0.476970,0.119559,4.745679,0.675584,0.734339,45.261821
money,3043,4,0.476970,0.114277,4.745679,1.818020,0.734339,45.261821
money,3043,5,0.476970,0.135590,4.745679,0.462631,0.734339,45.261821
money,3043,6,0.476970,0.111539,4.745679,1.345675,0.734339,45.261821
money,3043,7,0.476970,0.234011,4.745679,1.081187,0.734339,45.261821
money,3043,8,0.476970,0.142807,4.745679,0.389796,0.734339,45.261821
money,3043,9,0.476970,0.313462,4.745679,1.479358,0.734339,45.261821
money,3043,10,0.476970,0.137765,4.745679,0.499286,0.734339,45.261821
money,3044,1,0.260084,0.080899,11.994165,5.036056,0.868213,27.479852
money,3044,2,0.260084,0.072729,11.994164,1.474510,0.868213,27.479852
money,3044,3,0.260084,0.097628,11.994164,0.549475,0.868213,27.479852
money,3044,4,0.260084,0.081638,11.994164,2.691139,0.868213,27.479852
money,3044,5,0.260084,0.080278,11.994164,2.460505,0.868213,27.479852
money,3044,6,0.260084,0.078843,11.994163,3.343859,0.868213,27.479852
money,3044,7,0.260084,0.075604,11.994164,2.402574,0.868213,27.479852
money,3044,8,0.260084,0.067476,11.994164,2.252115,0.868213,27.479852
money,3044,9,0.260084,0.144143,11.994165,4.339840,0.868213,27.479852
money,3044,10,0.260084,0.079921,11.994163,3.229616,0.868213,27.479852
money,3046,1,0.401736,0.056568,6.052972,3.791921,0.674559,54.326008
money,3046,2,0.008063,0.077308,49.878891,1.305680,0.674559,54.326008
money,3046,3,0.008042,0.076612,49.999951,2.249290,0.674559,54.326008
money,3046,4,0.008042,0.131561,49.999951,1.444293,0.674559,54.326008
money,3046,5,0.008042,0.078009,49.999961,1.286466,0.674559,54.326008
money,3046,6,0.401736,0.248433,6.052972,13.022470,0.674559,54.326008
money,3046,7,0.008042,0.077385,49.999027,1.282929,0.674559,54.326008
money,3046,8,0.401736,0.076476,6.052972,2.448019,0.674559,54.326008
money,3046,9,0.008046,0.123945,49.975694,4.878517,0.674559,54.326008
money,3046,10,0.401736,0.106258,6.052972,5.748387,0.674559,54.326008
money,3049,1,1.000000,0.218515,1.322404,0.297279,0.202534,111.878839
money,3049,2,1.000000,0.207047,1.322404,0.905704,0.202534,111.878839
money,3049,3,1.000000,0.212822,1.322404,0.758583,0.202534,111.878840
money,3049,4,1.000000,0.217923,1.322404,0.052490,0.202534,111.878839
money,3049,5,1.000000,0.219984,1.322404,3.408601,0.202534,111.878839
money,3049,6,1.000000,0.211109,1.322404,0.303401,0.202534,111.878839
money,3049,7,1.000000,0.227900,1.322404,1.026590,0.202534,111.878839
money,3049,8,0.001784,0.220524,49.990316,0.438545,0.202534,111.878839
money,3049,9,1.000000,0.223602,1.322404,0.412173,0.202534,111.878840
money,3049,10,1.000000,0.216841,1.322404,0.818728,0.202534,111.878839
money,3052,1,0.003023,0.007009,43.919006,130.988388,0.322347,102.193531
money,3052,2,0.002668,0.005749,49.604759,101.376269,0.322347,102.193530
money,3052,3,0.002647,0.000493,49.983931,3.271050,0.322347,102.193531
money,3052,4,0.002646,0.079391,49.996785,87.327876,0.322347,102.193530
money,3052,5,0.002647,0.002125,49.983946,37.952884,0.322347,102.193530
money,3052,6,0.002647,0.002414,49.983931,43.080820,0.322347,102.193530
money,3052,7,0.002646,0.000870,49.999486,12.534582,0.322347,102.193531
money,3052,8,0.002668,0.005269,49.604692,97.862717,0.322347,102.193531
money,3052,9,0.002730,0.002962,48.494353,58.699603,0.322347,102.193531
money,3052,10,0.002650,0.001026,49.919876,15.924817,0.322347,102.193531
money,3053,1,0.717812,0.076384,4.530626,0.984096,0.660936,51.795638
money,3053,2,0.717812,0.101605,4.530626,0.998257,0.660936,51.795638
money,3053,3,0.717812,0.152462,4.530626,1.055585,0.660936,51.795638
money,3053,4,0.717812,0.113677,4.530626,1.311326,0.660936,51.795638
money,3053,5,0.717812,0.213198,4.530626,0.385498,0.660936,51.795638
money,3053,6,0.717812,0.094828,4.530626,0.889026,0.660936,51.795638
money,3053,7,0.717812,0.103220,4.530626,1.110514,0.660936,51.795638
money,3053,8,0.717812,0.221773,4.530626,0.922248,0.660936,51.795638
money,3053,9,0.717812,0.119454,4.530626,0.683121,0.660936,51.795638
money,3053,10,0.717812,0.122869,4.530626,0.635458,0.660936,51.795638
money,3054,1,0.002521,0.002245,49.999415,42.451928,0.099944,122.566255
money,3054,2,0.002521,0.001305,49.997662,21.750780,0.099944,122.566255
money,3054,3,0.002521,0.001264,49.997665,19.912665,0.099944,122.566255
money,3054,4,0.002521,0.001100,49.999416,16.019368,0.099944,122.566255
money,3054,5,0.002522,0.001947,49.985415,35.356476,0.099944,122.566255
money,3054,6,0.002525,0.002848,49.927233,61.188927,0.099944,122.566255
money,3054,7,0.002521,0.000892,49.999416,8.625031,0.099944,122.566255
money,3054,8,0.002522,0.002301,49.985415,50.908536,0.099944,122.566255
money,3054,9,0.002536,0.002012,49.711295,49.089769,0.099944,122.566255
money,3054,10,0.002525,0.000907,49.927232,9.375330,0.099944,122.566255
money,4002,1,0.132420,0.508962,18.730062,14.579231,0.919992,19.908104
money,4002,2,0.132420,0.182461,18.730116,26.062927,0.919992,19.908104
money,4002,3,0.132420,0.185199,18.730092,26.474858,0.919992,19.908104
money,4002,4,0.132420,0.094050,18.730116,10.205886,0.919992,19.908104
money,4002,5,0.132420,0.182843,18.730094,26.118921,0.919992,19.908104
money,4002,6,0.132420,0.150043,18.730114,21.822872,0.919992,19.908104
money,4002,7,0.132420,0.184183,18.730105,26.327382,0.919992,19.908104
money,4002,8,0.132420,0.174686,18.730109,31.284804,0.919992,19.908104
money,4002,9,0.132420,0.182885,18.730105,26.166583,0.919992,19.908104
money,4002,10,0.132420,0.138716,18.730110,19.493949,0.919992,19.908104
money,4003,1,0.523329,0.197269,4.359570,1.803917,0.564525,68.332248
money,4003,2,0.523329,0.116466,4.359570,0.684632,0.564525,68.332248
money,4003,3,0.523329,0.119584,4.359570,1.263432,0.564525,68.332248
money,4003,4,0.523329,0.082295,4.359570,0.947760,0.564525,68.332248
money,4003,5,0.523329,0.150265,4.359570,0.574698,0.564525,68.332248
money,4003,6,0.523329,0.075207,4.359570,1.509430,0.564525,68.332248
money,4003,7,0.523329,0.236686,4.359570,1.033803,0.564525,68.332248
money,4003,8,0.523329,0.199870,4.359570,1.859882,0.564525,68.332248
money,4003,9,0.523329,0.083196,4.359571,1.434918,0.564525,68.332248
money,4003,10,0.523329,0.167589,4.359570,1.526567,0.564525,68.332248
money,4004,1,0.866499,0.245114,49.999742,114.523170,0.894802,23.793926
money,4004,2,0.866500,0.129176,49.999936,111.765275,0.894802,23.793926
money,4004,3,0.866499,0.247319,49.999742,114.208799,0.894802,23.793926
money,4004,4,0.866499,0.217934,49.999678,111.689915,0.894802,23.793926
money,4004,5,0.866499,0.208368,49.999742,115.098367,0.894802,23.793926
money,4004,6,0.866500,0.387973,49.999987,110.775072,0.894802,23.793926
money,4004,7,0.866499,0.081003,49.999678,109.152144,0.894802,23.793926
money,4004,8,0.866499,0.328495,49.999742,106.212033,0.894802,23.793926
money,4004,9,0.866499,0.158545,49.999742,115.022421,0.894802,23.793926
money,4004,10,0.866499,0.196735,49.999742,113.250715,0.894802,23.793926
money,4005,1,0.190913,0.125934,3.331641,0.725435,0.501804,76.142105
money,4005,2,0.190913,0.202867,3.331641,0.509624,0.501804,76.142105
money,4005,3,0.190913,0.164720,3.331641,2.903152,0.501804,76.142105
money,4005,4,0.190913,0.135107,3.331641,0.664387,0.501804,76.142105
money,4005,5,0.190913,0.069645,3.331641,0.537150,0.501804,76.142105
money,4005,6,0.190913,0.147709,3.331640,0.547718,0.501804,76.142105
money,4005,7,0.190913,0.126665,3.331641,0.817830,0.501804,76.142105
money,4005,8,0.190913,0.102016,3.331641,0.466491,0.501804,76.142105
money,4005,9,0.190913,0.381577,3.331641,0.821763,0.501804,76.142105
money,4005,10,0.190913,0.118218,3.331641,0.600511,0.501804,76.142105
money,4006,1,0.304536,0.115423,3.936788,0.804984,0.611505,63.067177
money,4006,2,0.304536,0.113563,3.936788,0.426321,0.611505,63.067177
money,4006,3,0.304536,0.172597,3.936788,0.789267,0.611505,63.067177
money,4006,4,0.304536,0.197674,3.936788,0.766845,0.611505,63.067177
money,4006,5,0.304536,0.288913,3.936788,0.631081,0.611505,63.067177
money,4006,6,0.304536,0.074607,3.936787,0.815705,0.611505,63.067177
money,4006,7,0.304536,0.153793,3.936788,1.294758,0.611505,63.067177
money,4006,8,0.304536,0.095278,3.936788,0.357950,0.611505,63.067177
money,4006,9,0.304536,0.106920,3.936788,0.969907,0.611505,63.067177
money,4006,10,0.304536,0.177286,3.936788,0.647267,0.611505,63.067177
money,4007,1,0.234516,0.143467,4.379257,1.122892,0.628032,59.704296
money,4007,2,0.234516,0.202086,4.379257,0.196423,0.628032,59.704296
money,4007,3,0.234516,0.100553,4.379257,0.664943,0.628032,59.704296
money,4007,4,0.234516,0.124284,4.379257,0.716678,0.628032,59.704296
money,4007,5,0.234516,0.132201,4.379257,0.466420,0.628032,59.704296
money,4007,6,0.234516,0.092911,4.379257,1.277417,0.628032,59.704296
money,4007,7,0.234516,0.103357,4.379257,0.713862,0.628032,59.704296
money,4007,8,0.234516,0.098841,4.379257,1.305403,0.628032,59.704296
money,4007,9,0.234516,0.070674,4.379257,0.275572,0.628032,59.704296
money,4007,10,0.234516,0.252190,4.379257,1.291818,0.628032,59.704296
money,4008,1,0.131336,0.054898,5.505556,1.025597,0.417355,89.982143
money,4008,2,0.131336,0.241984,5.505556,1.355722,0.417355,89.982143
money,4008,3,0.131336,0.069080,5.505556,1.946750,0.417355,89.982143
money,4008,4,0.131336,0.109063,5.505556,3.065961,0.417355,89.982143
money,4008,5,0.131336,0.078092,5.505556,1.058892,0.417355,89.982143
money,4008,6,0.131336,0.046066,5.505555,1.325162,0.417355,89.982143
money,4008,7,0.131336,0.080261,5.505556,1.024034,0.417355,89.982143
money,4008,8,0.131336,0.191814,5.505556,0.624471,0.417355,89.982143
money,4008,9,0.131336,0.078513,5.505557,1.969547,0.417355,89.982143
money,4008,10,0.131336,0.120404,5.505557,0.712423,0.417355,89.982143
money,4009,1,0.353740,0.066335,5.815896,5.335954,0.762152,42.183124
money,4009,2,0.353740,0.135506,5.815896,2.945568,0.762152,42.183124
money,4009,3,0.353740,0.123117,5.815896,1.542133,0.762152,42.183124
money,4009,4,0.353740,0.242079,5.815896,2.047459,0.762152,42.183124
money,4009,5,0.353740,0.113822,5.815896,2.334140,0.762152,42.183124
money,4009,6,0.353740,0.094688,5.815896,1.592490,0.762152,42.183124
money,4009,7,0.353740,0.138918,5.815896,0.946649,0.762152,42.183124
money,4009,8,0.353740,1.412717,5.815896,1.638457,0.762152,42.183124
money,4009,9,0.353740,0.100228,5.815896,0.771375,0.762152,42.183124
money,4009,10,0.353740,0.080394,5.815896,1.722623,0.762152,42.183124
money,4010,1,0.153557,0.188130,3.564135,0.498756,0.327508,98.626765
money,4010,2,0.153557,0.125718,3.564135,2.977049,0.327508,98.626765
money,4010,3,0.153557,0.137000,3.564135,1.050948,0.327508,98.626765
money,4010,4,0.153557,0.270395,3.564135,2.396693,0.327508,98.626765
money,4010,5,0.153557,0.105859,3.564135,0.870076,0.327508,98.626765
money,4010,6,0.153557,0.101925,3.564135,0.730068,0.327508,98.626765
money,4010,7,0.153557,0.072078,3.564135,2.485907,0.327508,98.626765
money,4010,8,0.153557,0.391526,3.564135,2.762389,0.327508,98.626765
money,4010,9,0.153557,0.387376,3.564135,1.234742,0.327508,98.626765
money,4010,10,0.153557,0.094162,3.564135,0.494085,0.327508,98.626765
money,4012,1,0.213282,0.073297,30.672261,34.039619,0.932612,18.552299
money,4012,2,0.213282,0.074059,30.672260,34.724316,0.932612,18.552299
money,4012,3,0.213282,0.076730,30.672260,36.322488,0.932612,18.552299
money,4012,4,0.213282,0.153984,30.672260,31.379111,0.932612,18.552299
money,4012,5,0.213282,0.401506,30.672263,37.409516,0.932612,18.552299
money,4012,6,0.213282,0.088895,30.672264,32.654364,0.932612,18.552299
money,4012,7,0.084378,0.081835,49.999990,38.848545,0.932612,18.552299
money,4012,8,0.084378,0.070931,49.999990,39.022668,0.932612,18.552299
money,4012,9,0.213282,0.149775,30.672259,34.270831,0.932612,18.552299
money,4012,10,0.213282,0.082482,30.672264,30.523526,0.932612,18.552300
money,4013,1,0.389795,0.069889,6.323702,0.654676,0.750772,43.760721
money,4013,2,0.389795,0.073337,6.323702,1.009129,0.750772,43.760721
money,4013,3,0.389795,0.082079,6.323702,1.260045,0.750772,43.760721
money,4013,4,0.389795,0.083565,6.323702,1.450076,0.750772,43.760721
money,4013,5,0.389795,0.087759,6.323702,1.352505,0.750772,43.760721
money,4013,6,0.389795,0.073514,6.323702,3.403723,0.750772,43.760721
money,4013,7,0.389795,0.147792,6.323701,1.238256,0.750772,43.760721
money,4013,8,0.389795,0.050655,6.323702,1.423591,0.750772,43.760721
money,4013,9,0.389795,0.084055,6.323702,1.073920,0.750772,43.760721
money,4013,10,0.389795,0.085129,6.323702,1.153855,0.750772,43.760721
money,4014,1,0.498836,0.114135,4.171187,0.649499,0.693022,51.766541
money,4014,2,0.498836,0.263320,4.171187,0.208791,0.693022,51.766541
money,4014,3,0.498836,0.360975,4.171187,1.048156,0.693022,51.766541
money,4014,4,0.498836,0.266613,4.171187,0.387584,0.693022,51.766541
money,4014,5,0.498836,0.169558,4.171187,1.082389,0.693022,51.766541
money,4014,6,0.498836,0.118673,4.171187,1.478945,0.693022,51.766541
money,4014,7,0.498836,0.311817,4.171187,2.425796,0.693022,51.766541
money,4014,8,0.498836,0.200398,4.171187,4.848405,0.693022,51.766541
money,4014,9,0.498836,0.116639,4.171187,0.616803,0.693022,51.766541
money,4014,10,0.498836,0.153256,4.171187,0.821209,0.693022,51.766541
money,4015,1,0.154728,0.244139,8.078784,3.118450,0.615696,60.827014
money,4015,2,0.154728,0.069981,8.078784,2.330605,0.615696,60.827014
money,4015,3,0.154728,0.132748,8.078784,4.909403,0.615696,60.827014
money,4015,4,0.154728,0.054492,8.078784,2.052182,0.615696,60.827014
money,4015,5,0.154728,0.159049,8.078784,4.929442,0.615696,60.827014
money,4015,6,0.154728,0.061555,8.078784,9.047482,0.615696,60.827014
money,4015,7,0.154728,0.046162,8.078784,0.909414,0.615696,60.827014
money,4015,8,0.154728,0.074375,8.078783,1.850942,0.615696,60.827014
money,4015,9,0.154728,0.339670,8.078784,2.417061,0.615696,60.827014
money,4015,10,0.154728,0.039657,8.078784,1.845367,0.615696,60.827014
money,4016,1,0.529730,0.060283,10.092393,3.854121,0.838926,31.539887
money,4016,2,0.529730,0.086029,10.092394,1.002386,0.838926,31.539887
money,4016,3,0.529730,0.165644,10.092393,10.078845,0.838926,31.539887
money,4016,4,0.529730,0.055303,10.092393,4.336636,0.838926,31.539887
money,4016,5,0.529730,0.149411,10.092393,2.362068,0.838926,31.539887
money,4016,6,0.529730,0.066476,10.092393,2.801061,0.838926,31.539887
money,4016,7,0.529730,0.061691,10.092394,2.769525,0.838926,31.539887
money,4016,8,0.529730,0.060862,10.092394,4.235357,0.838926,31.539887
money,4016,9,0.529730,0.086637,10.092393,1.670037,0.838926,31.539887
money,4016,10,0.529730,0.288347,10.092393,3.536788,0.838926,31.539887
money,4017,1,0.523371,0.129754,4.791675,2.285237,0.633170,60.063810
money,4017,2,0.523371,0.088456,4.791675,4.334534,0.633170,60.063810
money,4017,3,0.523371,0.074677,4.791675,0.920106,0.633170,60.063810
money,4017,4,0.523371,0.113964,4.791675,1.567666,0.633170,60.063810
money,4017,5,0.523371,0.139588,4.791675,1.152893,0.633170,60.063810
money,4017,6,0.523371,0.047221,4.791675,0.891285,0.633170,60.063810
money,4017,7,0.523371,1.055775,4.791675,2.670613,0.633170,60.063810
money,4017,8,0.523371,0.978518,4.791675,9.607564,0.633170,60.063810
money,4017,9,0.523371,0.106605,4.791675,1.203143,0.633170,60.063810
money,4017,10,0.523371,0.132280,4.791675,1.118008,0.633170,60.063810
money,4018,1,0.340367,0.290538,4.252906,1.220656,0.654081,55.165067
money,4018,2,0.340367,0.127196,4.252906,0.553222,0.654081,55.165067
money,4018,3,0.340367,0.745255,4.252906,0.451510,0.654081,55.165067
money,4018,4,0.340367,0.133046,4.252906,2.083236,0.654081,55.165067
money,4018,5,0.340367,0.231651,4.252906,0.586267,0.654081,55.165067
money,4018,6,0.340367,0.139251,4.252906,1.236726,0.654081,55.165067
money,4018,7,0.340367,0.161535,4.252906,2.037123,0.654081,55.165067
money,4018,8,0.340367,0.159898,4.252905,1.202540,0.654081,55.165067
money,4018,9,0.340367,0.717970,4.252905,0.546162,0.654081,55.165067
money,4018,10,0.340367,0.072465,4.252906,0.668900,0.654081,55.165067
money,4019,1,0.459510,0.073868,7.585945,1.929505,0.746048,44.415561
money,4019,2,0.459510,0.072533,7.585945,2.396639,0.746048,44.415561
money,4019,3,0.459510,0.267869,7.585945,10.994735,0.746048,44.415561
money,4019,4,0.459510,0.049715,7.585945,1.476306,0.746048,44.415561
money,4019,5,0.459510,0.064674,7.585945,2.553237,0.746048,44.415561
money,4019,6,0.459510,0.087193,7.585945,1.818285,0.746048,44.415561
money,4019,7,0.459510,0.073459,7.585945,3.986962,0.746048,44.415561
money,4019,8,0.459510,0.126060,7.585945,1.878965,0.746048,44.415561
money,4019,9,0.459510,0.072904,7.585945,1.534852,0.746048,44.415561
money,4019,10,0.459510,0.080270,7.585945,1.421360,0.746048,44.415561
money,4020,1,0.476264,0.064794,7.508169,1.893420,0.746900,44.297461
money,4020,2,0.476264,0.076299,7.508169,7.480674,0.746900,44.297461
money,4020,3,0.476264,0.123257,7.508169,1.262644,0.746900,44.297461
money,4020,4,0.476264,0.111823,7.508169,0.838850,0.746900,44.297461
money,4020,5,0.476264,0.090721,7.508169,1.888716,0.746900,44.297461
money,4020,6,0.476264,0.086026,7.508169,1.939980,0.746900,44.297461
money,4020,7,0.476264,0.086501,7.508169,3.235979,0.746900,44.297461
money,4020,8,0.476264,0.120864,7.508169,0.999822,0.746900,44.297461
money,4020,9,0.476264,1.301041,7.508169,4.865706,0.746900,44.297461
money,4020,10,0.476264,0.535887,7.508169,1.931734,0.746900,44.297461
money,4021,1,0.422167,0.114880,6.941165,2.169573,0.803765,35.829847
money,4021,2,0.422167,0.122631,6.941165,1.991502,0.803765,35.829847
money,4021,3,0.422167,0.106649,6.941165,0.750307,0.803765,35.829847
money,4021,4,0.422167,0.121660,6.941165,1.780523,0.803765,35.829847
money,4021,5,0.422167,0.117082,6.941165,1.982438,0.803765,35.829847
money,4021,6,0.422167,0.155167,6.941165,5.496111,0.803765,35.829847
money,4021,7,0.422167,0.109718,6.941165,2.774914,0.803765,35.829847
money,4021,8,0.422167,0.118996,6.941165,1.709706,0.803765,35.829847
money,4021,9,0.422167,0.319568,6.941165,5.334133,0.803765,35.829847
money,4021,10,0.422167,0.822435,6.941165,3.201533,0.803765,35.829847
money,4022,1,0.118930,0.054441,5.479738,0.827089,0.404518,90.070180
money,4022,2,0.118930,0.073004,5.479738,0.147198,0.404518,90.070180
money,4022,3,0.118930,0.371440,5.479738,0.417072,0.404518,90.070180
money,4022,4,0.118930,0.050942,5.479738,2.523029,0.404518,90.070180
money,4022,5,0.118930,0.250530,5.479739,17.257734,0.404518,90.070180
money,4022,6,0.118930,0.219953,5.479738,4.209334,0.404518,90.070180
money,4022,7,0.118930,0.062385,5.479738,0.386175,0.404518,90.070180
money,4022,8,0.118930,0.066336,5.479739,1.300178,0.404518,90.070180
money,4022,9,0.118930,0.064753,5.479738,0.790400,0.404518,90.070180
money,4022,10,0.118930,0.072812,5.479739,0.176387,0.404518,90.070180
money,4023,1,0.441071,0.089899,26.814925,20.217655,0.906172,22.067448
money,4023,2,0.441071,0.099182,26.814917,9.554606,0.906172,22.067448
money,4023,3,0.441071,0.089894,26.814925,20.496681,0.906172,22.067448
money,4023,4,0.441071,0.082366,26.814922,15.486615,0.906172,22.067448
money,4023,5,0.441071,0.088838,26.814919,20.557510,0.906172,22.067448
money,4023,6,0.441071,0.089240,26.814928,20.035999,0.906172,22.067448
money,4023,7,0.441071,0.095282,26.814918,9.161391,0.906172,22.067448
money,4023,8,0.441071,0.761120,26.814926,72.508504,0.906172,22.067448
money,4023,9,0.441071,0.088683,26.814926,19.816342,0.906172,22.067448
money,4023,10,0.441071,0.092810,26.814927,15.094168,0.906172,22.067448
money,4025,1,0.060819,0.116391,32.383266,54.883292,0.886703,24.739512
money,4025,2,0.060819,0.090210,32.383277,50.949126,0.886703,24.739512
money,4025,3,0.060818,0.890595,32.383362,61.787700,0.886703,24.739512
money,4025,4,0.060819,0.081387,32.383283,46.208368,0.886703,24.739512
money,4025,5,0.060819,0.203806,32.383242,47.139945,0.886703,24.739512
money,4025,6,0.060819,0.085402,32.383297,48.662923,0.886703,24.739512
money,4025,7,0.060819,0.156545,32.383212,96.236463,0.886703,24.739512
money,4025,8,0.060819,0.113621,32.383279,67.298683,0.886703,24.739512
money,4025,9,0.060819,0.084886,32.383335,48.384437,0.886703,24.739512
money,4025,10,0.060819,0.118986,32.383282,73.165097,0.886703,24.739512
money,4026,1,0.461531,0.190176,2.762431,0.648245,0.317257,88.366225
money,4026,2,0.461531,0.388514,2.762431,1.703479,0.317257,88.366225
money,4026,3,0.461531,1.566659,2.762431,4.232683,0.317257,88.366225
money,4026,4,0.461531,0.157725,2.762431,0.966233,0.317257,88.366225
money,4026,5,0.461531,1.395901,2.762431,2.888692,0.317257,88.366225
money,4026,6,0.461531,0.165131,2.762430,1.628125,0.317257,88.366225
money,4026,7,0.461531,0.276560,2.762431,1.623607,0.317257,88.366225
money,4026,8,0.461531,0.187024,2.762431,0.176287,0.317257,88.366225
money,4026,9,0.461531,0.179067,2.762431,0.764112,0.317257,88.366225
money,4026,10,0.461531,0.760799,2.762431,0.712293,0.317257,88.366225
money,4027,1,0.583404,0.115109,3.452614,0.695711,0.618194,61.590492
money,4027,2,0.583404,0.133007,3.452613,0.650028,0.618194,61.590492
money,4027,3,0.583404,0.130912,3.452613,0.651689,0.618194,61.590492
money,4027,4,0.583404,1.145152,3.452614,0.069123,0.618194,61.590492
money,4027,5,0.583404,0.122022,3.452613,0.705959,0.618194,61.590492
money,4027,6,0.583404,0.120208,3.452614,0.830690,0.618194,61.590492
money,4027,7,0.583404,0.120597,3.452613,0.742526,0.618194,61.590492
money,4027,8,0.583404,0.114017,3.452614,0.743576,0.618194,61.590492
money,4027,9,0.583404,0.178002,3.452613,0.459534,0.618194,61.590492
money,4027,10,0.583404,0.121826,3.452614,2.428485,0.618194,61.590492
money,4028,1,0.033731,0.015925,25.144643,12.982014,0.765031,40.745785
money,4028,2,0.033731,0.361813,25.144584,43.961260,0.765031,40.745785
money,4028,3,0.033731,0.024770,25.144628,17.663430,0.765031,40.745785
money,4028,4,0.033731,0.050068,25.144269,38.606885,0.765031,40.745785
money,4028,5,0.033731,0.063802,25.144519,50.174940,0.765031,40.745785
money,4028,6,0.033731,1.348868,25.144252,94.211399,0.765031,40.745785
money,4028,7,0.033731,0.052137,25.144429,40.854919,0.765031,40.745785
money,4028,8,0.033731,0.050032,25.144511,39.194697,0.765031,40.745785
money,4028,9,0.033731,0.049539,25.144668,37.582306,0.765031,40.745785
money,4028,10,0.033731,0.055388,25.144539,38.362144,0.765031,40.745785
money,4029,1,0.292581,0.354381,5.246554,1.928744,0.756011,39.801597
money,4029,2,0.292581,0.174217,5.246554,1.229765,0.756011,39.801597
money,4029,3,0.292581,0.121645,5.246554,1.083721,0.756011,39.801597
money,4029,4,0.292581,0.151112,5.246554,1.216054,0.756011,39.801597
money,4029,5,0.292581,0.112297,5.246554,1.319768,0.756011,39.801597
money,4029,6,0.292581,0.100536,5.246554,1.132640,0.756011,39.801597
money,4029,7,0.292581,0.195499,5.246554,1.730332,0.756011,39.801597
money,4029,8,0.292581,0.112561,5.246554,1.492845,0.756011,39.801597
money,4029,9,0.292581,0.102024,5.246554,2.212251,0.756011,39.801597
money,4029,10,0.292581,0.101801,5.246554,1.824360,0.756011,39.801597
money,4030,1,0.355179,0.049806,19.279642,7.116840,0.846565,29.781860
money,4030,2,0.355179,0.049727,19.279642,7.132313,0.846565,29.781860
money,4030,3,0.355179,0.040504,19.279641,4.038939,0.846565,29.781860
money,4030,4,0.355179,0.049113,19.279642,7.063914,0.846565,29.781860
money,4030,5,0.355179,0.137074,19.279642,10.613257,0.846565,29.781860
money,4030,6,0.355179,0.049591,19.279643,7.109964,0.846565,29.781860
money,4030,7,0.355179,0.151135,19.279642,6.891161,0.846565,29.781860
money,4030,8,0.355179,0.176793,19.279642,6.472174,0.846565,29.781860
money,4030,9,0.355179,0.045659,19.279643,15.053603,0.846565,29.781860
money,4030,10,0.355179,0.252477,19.279642,7.089729,0.846565,29.781860
money,4031,1,0.760772,0.145855,4.246360,0.958265,0.694269,51.149713
money,4031,2,0.760772,0.469405,4.246360,1.803529,0.694269,51.149713
money,4031,3,0.760772,0.203318,4.246360,0.486833,0.694269,51.149713
money,4031,4,0.760772,0.145161,4.246360,0.977235,0.694269,51.149713
money,4031,5,0.760772,0.140833,4.246360,0.929369,0.694269,51.149713
money,4031,6,0.760772,0.140690,4.246360,1.049053,0.694269,51.149713
money,4031,7,0.760772,0.232377,4.246360,0.562417,0.694269,51.149713
money,4031,8,0.760772,0.152497,4.246360,1.045646,0.694269,51.149713
money,4031,9,0.760772,0.136954,4.246360,0.967763,0.694269,51.149713
money,4031,10,0.760772,0.143981,4.246360,1.001476,0.694269,51.149713
money,4033,1,0.036775,0.030998,49.999994,33.842640,0.807269,33.624262
money,4033,2,0.036775,0.040225,49.999994,35.570762,0.807269,33.624262
money,4033,3,0.036775,0.041831,49.999994,33.525683,0.807269,33.624262
money,4033,4,0.036775,0.028951,49.999430,32.328225,0.807269,33.624262
money,4033,5,0.036775,0.031774,49.999994,33.711106,0.807269,33.624262
money,4033,6,0.036775,0.087542,49.999994,35.393978,0.807269,33.624262
money,4033,7,0.036775,0.024947,49.999994,33.258268,0.807269,33.624262
money,4033,8,0.036775,0.010756,49.999430,32.056087,0.807269,33.624262
money,4033,9,0.036775,0.027800,49.999994,32.172082,0.807269,33.624262
money,4033,10,0.036775,0.037408,49.999977,34.071040,0.807269,33.624262
money,4034,1,0.614679,0.941304,49.999987,268.522622,0.903040,22.651807
money,4034,2,0.614678,1.223354,49.999665,263.579516,0.903040,22.651807
money,4034,3,0.614678,0.255921,49.999665,264.382344,0.903040,22.651807
money,4034,4,0.614678,0.177191,49.999665,259.356706,0.903040,22.651807
money,4034,5,0.614678,0.797440,49.999665,246.843982,0.903040,22.651807
money,4034,6,0.614679,1.738545,49.999987,279.117765,0.903040,22.651807
money,4034,7,0.614679,2.245852,49.999987,308.107550,0.903040,22.651807
money,4034,8,0.614678,1.128784,49.999665,304.754734,0.903040,22.651807
money,4034,9,0.614678,1.831140,49.999665,273.807142,0.903040,22.651807
money,4034,10,0.614678,1.218198,49.999933,295.099543,0.903040,22.651807
money,4035,1,0.446641,0.188077,5.888325,1.639937,0.763370,42.014285
money,4035,2,0.446641,0.181722,5.888325,1.548530,0.763370,42.014285
money,4035,3,0.446641,0.454732,5.888325,1.189328,0.763370,42.014285
money,4035,4,0.446641,0.168914,5.888325,6.485655,0.763370,42.014285
money,4035,5,0.446641,0.372052,5.888325,3.322136,0.763370,42.014285
money,4035,6,0.446641,0.120207,5.888325,1.506287,0.763370,42.014285
money,4035,7,0.446641,0.154467,5.888325,2.087634,0.763370,42.014285
money,4035,8,0.446641,1.534845,5.888325,4.537782,0.763370,42.014285
money,4035,9,0.446641,0.170049,5.888325,0.324697,0.763370,42.014285
money,4035,10,0.446641,0.119797,5.888326,4.681358,0.763370,42.014285
money,4036,1,0.452981,0.087282,7.301685,1.645385,0.810128,35.248820
money,4036,2,0.452981,0.084715,7.301685,1.909442,0.810128,35.248820
money,4036,3,0.452981,0.103997,7.301685,0.526498,0.810128,35.248820
money,4036,4,0.452981,0.087275,7.301685,1.651782,0.810128,35.248820
money,4036,5,0.452981,0.087450,7.301685,1.646560,0.810128,35.248820
money,4036,6,0.452981,0.084578,7.301685,1.680638,0.810128,35.248820
money,4036,7,0.452981,0.088139,7.301685,1.645327,0.810128,35.248820
money,4036,8,0.452981,0.103322,7.301685,1.644917,0.810128,35.248820
money,4036,9,0.452981,0.078742,7.301685,1.768874,0.810128,35.248820
money,4036,10,0.452981,0.636416,7.301685,2.388885,0.810128,35.248820
social,3002,1,0.108561,0.108635,6.260798,9.446957,0.314292,99.414061
social,3002,2,0.108561,0.138215,6.260798,4.098141,0.314292,99.414061
social,3002,3,0.108561,0.224607,6.260799,1.645115,0.314292,99.414061
social,3002,4,0.108561,1.083866,6.260798,3.013253,0.314292,99.414061
social,3002,5,0.108561,0.488183,6.260797,3.050901,0.314292,99.414061
social,3002,6,0.108561,0.042432,6.260797,0.965553,0.314292,99.414061
social,3002,7,0.108561,0.039455,6.260797,1.322158,0.314292,99.414061
social,3002,8,0.108561,3.301373,6.260797,63.895410,0.314292,99.414061
social,3002,9,0.108561,0.034217,6.260800,2.821317,0.314292,99.414061
social,3002,10,0.108561,0.023980,6.260798,2.784862,0.314292,99.414061
social,3004,1,0.589825,0.204980,5.520645,0.990277,0.746594,43.596943
social,3004,2,0.589825,0.400893,5.520645,2.177403,0.746594,43.596943
social,3004,3,0.589825,0.113181,5.520645,1.405479,0.746594,43.596943
social,3004,4,0.589825,0.085043,5.520645,1.122384,0.746594,43.596943
social,3004,5,0.589825,0.161931,5.520645,2.731988,0.746594,43.596943
social,3004,6,0.589825,0.108005,5.520645,1.272964,0.746594,43.596943
social,3004,7,0.589825,0.111779,5.520645,0.741575,0.746594,43.596943
social,3004,8,0.589825,0.057345,5.520645,1.927844,0.746594,43.596943
social,3004,9,0.589825,0.104116,5.520645,1.199964,0.746594,43.596943
social,3004,10,0.589825,0.098472,5.520645,2.694044,0.746594,43.596943
social,3005,1,0.000636,0.000859,49.656209,61.638420,0.029056,142.445658
social,3005,2,0.000632,0.000319,49.930507,22.588887,0.029056,142.445658
social,3005,3,0.000631,0.002302,49.986080,182.059507,0.029056,142.445658
social,3005,4,0.000710,0.000589,44.470836,7.461618,0.029056,142.445658
social,3005,5,0.000653,0.010320,48.368051,646.082397,0.029056,142.445658
social,3005,6,0.000632,0.001320,49.930452,99.853883,0.029056,142.445658
social,3005,7,0.000636,0.005232,49.656178,412.233727,0.029056,142.445658
social,3005,8,0.000631,0.002987,49.997211,223.493558,0.029056,142.445658
social,3005,9,0.000631,0.000444,49.985977,47.698506,0.029056,142.445658
social,3005,10,0.000728,0.002342,43.416601,185.421105,0.029056,142.445658
social,3006,1,0.180628,0.066118,6.697528,0.471925,0.786817,38.132279
social,3006,2,0.180628,0.095371,6.697528,2.497263,0.786817,38.132279
social,3006,3,0.180628,0.295987,6.697528,0.810786,0.786817,38.132279
social,3006,4,0.180628,0.204269,6.697528,1.282498,0.786817,38.132279
social,3006,5,0.180628,0.072271,6.697527,1.150431,0.786817,38.132279
social,3006,6,0.180628,0.092577,6.697528,1.570109,0.786817,38.132279
social,3006,7,0.180628,0.103443,6.697528,3.410888,0.786817,38.132279
social,3006,8,0.180628,0.035815,6.697528,1.127081,0.786817,38.132279
social,3006,9,0.180628,0.076970,6.697528,1.865334,0.786817,38.132279
social,3006,10,0.180628,0.053514,6.697528,1.547440,0.786817,38.132279
social,3010,1,0.390684,0.171530,1.042839,0.468077,0.102985,119.651125
social,3010,2,0.390684,0.465370,1.042839,0.206109,0.102985,119.651125
social,3010,3,0.390684,0.119221,1.042839,0.116232,0.102985,119.651125
social,3010,4,0.390684,0.079985,1.042839,0.426696,0.102985,119.651125
social,3010,5,0.390684,0.187434,1.042839,0.180788,0.102985,119.651125
social,3010,6,0.390684,0.128780,1.042839,0.321960,0.102985,119.651125
social,3010,7,0.390684,0.610815,1.042839,1.874726,0.102985,119.651125
social,3010,8,0.390684,2.709014,1.042839,0.054371,0.102985,119.651125
social,3010,9,0.390684,0.274814,1.042839,0.649861,0.102985,119.651125
social,3010,10,0.390684,0.124101,1.042839,0.271131,0.102985,119.651125
social,3011,1,0.051522,0.015769,4.261490,1.716343,0.340782,96.860198
social,3011,2,0.051522,0.027473,4.261489,1.139470,0.340782,96.860198
social,3011,3,0.051521,0.022170,4.261493,0.889068,0.340782,96.860198
social,3011,4,0.051522,0.023711,4.261488,0.715296,0.340782,96.860198
social,3011,5,0.051522,0.021837,4.261489,0.757933,0.340782,96.860198
social,3011,6,0.051522,0.031439,4.261489,1.604561,0.340782,96.860198
social,3011,7,0.051522,0.108815,4.261489,2.136436,0.340782,96.860198
social,3011,8,0.051522,0.029623,4.261492,1.182933,0.340782,96.860198
social,3011,9,0.051522,0.053352,4.261490,2.588435,0.340782,96.860198
social,3011,10,0.051522,1.622328,4.261489,13.826211,0.340782,96.860198
social,3014,1,0.358987,0.139354,3.314551,0.597824,0.502382,70.373526
social,3014,2,0.358987,0.235066,3.314551,0.372842,0.502382,70.373526
social,3014,3,0.358987,0.090869,3.314551,1.949899,0.502382,70.373526
social,3014,4,0.358987,0.155705,3.314551,0.651435,0.502382,70.373526
social,3014,5,0.358987,0.116190,3.314551,0.418059,0.502382,70.373526
social,3014,6,0.358987,0.250836,3.314551,0.617841,0.502382,70.373526
social,3014,7,0.358987,0.188433,3.314551,0.521396,0.502382,70.373526
social,3014,8,0.358987,0.137337,3.314551,0.402829,0.502382,70.373526
social,3014,9,0.358987,0.462372,3.314551,1.026940,0.502382,70.373526
social,3014,10,0.358987,0.264461,3.314551,0.662274,0.502382,70.373526
social,3015,1,0.028959,0.010187,49.999996,11.904406,0.741717,42.743832
social,3015,2,0.250317,0.020002,8.619298,26.612272,0.741717,42.743832
social,3015,3,0.028959,0.136897,49.999985,37.588778,0.741717,42.743832
social,3015,4,0.028960,0.022512,49.999622,31.258368,0.741717,42.743832
social,3015,5,0.028960,0.077987,49.999622,31.029173,0.741717,42.743832
social,3015,6,0.028959,0.008167,49.999996,4.322633,0.741717,42.743832
social,3015,7,0.028959,0.007892,49.999999,2.296261,0.741717,42.743832
social,3015,8,0.028959,0.014489,49.999999,19.799662,0.741717,42.743832
social,3015,9,0.250317,0.022247,8.619298,37.357552,0.741717,42.743832
social,3015,10,0.028960,0.012822,49.999924,16.631739,0.741717,42.743832
social,3016,1,0.488969,0.101696,4.355550,0.863568,0.643794,58.591030
social,3016,2,0.488969,0.312331,4.355551,2.216774,0.643794,58.591030
social,3016,3,0.488969,0.461313,4.355551,0.668616,0.643794,58.591030
social,3016,4,0.488969,0.136099,4.355550,0.335977,0.643794,58.591030
social,3016,5,0.488969,0.097900,4.355551,0.829376,0.643794,58.591030
social,3016,6,0.488969,0.100367,4.355550,0.800568,0.643794,58.591030
social,3016,7,0.488969,0.141450,4.355551,0.283665,0.643794,58.591030
social,3016,8,0.488969,0.095304,4.355550,0.921457,0.643794,58.591030
social,3016,9,0.488969,0.092577,4.355551,0.642464,0.643794,58.591030
social,3016,10,0.488969,0.093744,4.355551,1.084222,0.643794,58.591030
social,3017,1,0.116493,0.083005,13.827264,10.391850,0.839618,31.443994
social,3017,2,0.116493,0.033309,13.827261,21.376201,0.839618,31.443994
social,3017,3,0.116493,0.313468,13.827261,34.509300,0.839618,31.443994
social,3017,4,0.116493,0.064548,13.827265,9.660630,0.839618,31.443994
social,3017,5,0.116493,0.054104,13.827260,5.704837,0.839618,31.443994
social,3017,6,0.116492,0.188056,13.827275,7.057722,0.839618,31.443994
social,3017,7,0.116493,0.152269,13.827265,7.827047,0.839618,31.443994
social,3017,8,0.116493,0.078059,13.827269,8.073318,0.839618,31.443994
social,3017,9,0.116493,0.256835,13.827267,16.890079,0.839618,31.443994
social,3017,10,0.116493,0.032281,13.827267,2.576052,0.839618,31.443994
social,3018,1,0.006345,0.014846,49.994971,114.193859,0.509930,77.148486
social,3018,2,0.006344,0.008900,49.999194,66.026571,0.509930,77.148486
social,3018,3,0.006730,0.010851,47.207417,82.864312,0.509930,77.148486
social,3018,4,0.006357,0.027648,49.899803,207.878816,0.509930,77.148486
social,3018,5,0.006357,0.030660,49.899799,227.948625,0.509930,77.148486
social,3018,6,0.006347,0.410602,49.979870,272.021202,0.509930,77.148486
social,3018,7,0.006361,0.007608,49.874899,57.573681,0.509930,77.148486
social,3018,8,0.006409,0.008424,49.507110,67.632587,0.509930,77.148486
social,3018,9,0.006345,0.022779,49.995968,171.902585,0.509930,77.148486
social,3018,10,0.006345,0.014553,49.995977,40.086958,0.509930,77.148486
social,3020,1,0.040801,0.021741,9.976029,3.426675,0.408201,90.410548
social,3020,2,0.040801,0.017126,9.976031,2.026229,0.408201,90.410548
social,3020,3,0.040801,0.059305,9.976021,9.555184,0.408201,90.410548
social,3020,4,0.040801,0.216454,9.976022,2.866016,0.408201,90.410548
social,3020,5,0.040801,0.036172,9.976020,6.091097,0.408201,90.410548
social,3020,6,0.040801,0.494425,9.976023,4.929830,0.408201,90.410548
social,3020,7,0.040801,0.022391,9.976020,3.083077,0.408201,90.410548
social,3020,8,0.040801,0.092421,9.976022,7.593661,0.408201,90.410548
social,3020,9,0.040801,0.015944,9.976023,6.006729,0.408201,90.410548
social,3020,10,0.040801,0.153626,9.976023,6.098116,0.408201,90.410548
social,3021,1,0.323750,0.112922,22.867412,10.207792,0.858721,28.579812
social,3021,2,0.323750,0.073688,22.867410,3.063782,0.858721,28.579812
social,3021,3,0.323750,0.041893,22.867411,10.069553,0.858721,28.579812
social,3021,4,0.323750,0.076417,22.867411,7.522391,0.858721,28.579812
social,3021,5,0.323750,0.072920,22.867411,2.361824,0.858721,28.579812
social,3021,6,0.323750,0.117608,22.867411,9.390372,0.858721,28.579812
social,3021,7,0.323750,0.186358,22.867411,28.531896,0.858721,28.579812
social,3021,8,0.323750,0.060198,22.867412,8.984226,0.858721,28.579812
social,3021,9,0.323750,0.139074,22.867412,6.586838,0.858721,28.579812
social,3021,10,0.323750,0.175828,22.867414,21.852254,0.858721,28.579812
social,3023,1,0.009514,0.124075,2.080946,2.628173,0.007272,139.847959
social,3023,2,0.009514,0.033653,2.081037,0.160712,0.007272,139.847959
social,3023,3,0.009512,0.013489,2.081350,1.532817,0.007272,139.847959
social,3023,4,0.009514,0.012534,2.081026,2.331422,0.007272,139.847959
social,3023,5,0.009515,0.013356,2.080747,0.950611,0.007272,139.847959
social,3023,6,0.011450,0.012296,1.790639,1.862261,0.007272,139.847959
social,3023,7,0.009514,0.010746,2.081054,0.219597,0.007272,139.847959
social,3023,8,0.009514,0.011426,2.081020,0.702525,0.007272,139.847959
social,3023,9,0.009514,0.014348,2.081003,0.314621,0.007272,139.847959
social,3023,10,0.009514,0.041291,2.081027,8.143882,0.007272,139.847959
social,3026,1,0.646470,0.213002,2.198014,0.629402,0.328312,98.519736
social,3026,2,0.646470,0.294830,2.198015,1.046200,0.328312,98.519736
social,3026,3,0.646470,1.281724,2.198014,1.193772,0.328312,98.519736
social,3026,4,0.646470,1.424909,2.198014,9.830076,0.328312,98.519736
social,3026,5,0.646470,0.280786,2.198015,0.199868,0.328312,98.519736
social,3026,6,0.646470,1.902228,2.198015,2.687754,0.328312,98.519736
social,3026,7,0.646470,0.180381,2.198014,0.927513,0.328312,98.519736
social,3026,8,0.646470,0.302448,2.198015,0.774972,0.328312,98.519736
social,3026,9,0.646470,0.076095,2.198014,1.776595,0.328312,98.519736
social,3026,10,0.646470,0.514324,2.198014,2.725997,0.328312,98.519736
social,3029,1,0.206215,0.519537,15.226214,35.095545,0.919428,20.248174
social,3029,2,0.206215,0.820261,15.226214,57.077995,0.919428,20.248174
social,3029,3,0.206215,0.787276,15.226211,13.043392,0.919428,20.248174
social,3029,4,0.206215,0.233106,15.226216,6.073430,0.919428,20.248174
social,3029,5,0.206215,0.343291,15.226213,12.849562,0.919428,20.248174
social,3029,6,0.206215,0.443298,15.226216,35.488502,0.919428,20.248174
social,3029,7,0.206215,0.154751,15.226217,9.085014,0.919428,20.248174
social,3029,8,0.206215,1.401165,15.226216,13.551265,0.919428,20.248174
social,3029,9,0.206215,0.107290,15.226214,13.239917,0.919428,20.248174
social,3029,10,0.206215,0.112071,15.226212,7.889163,0.919428,20.248174
social,3030,1,0.291257,0.068426,6.445756,1.704557,0.554942,70.271408
social,3030,2,0.291257,0.059393,6.445756,4.602749,0.554942,70.271408
social,3030,3,0.291257,0.081993,6.445756,1.093278,0.554942,70.271408
social,3030,4,0.291257,0.106626,6.445756,1.670530,0.554942,70.271408
social,3030,5,0.291257,0.077479,6.445757,1.821689,0.554942,70.271408
social,3030,6,0.291257,0.164245,6.445756,9.393027,0.554942,70.271408
social,3030,7,0.291257,0.105768,6.445756,0.378817,0.554942,70.271408
social,3030,8,0.291257,0.592688,6.445756,3.807909,0.554942,70.271408
social,3030,9,0.291257,0.066952,6.445756,1.771429,0.554942,70.271408
social,3030,10,0.291257,0.067508,6.445756,2.739689,0.554942,70.271408
social,3033,1,0.308896,0.257566,3.458416,0.486739,0.588052,63.360439
social,3033,2,0.308896,0.164249,3.458416,0.861148,0.588052,63.360439
social,3033,3,0.308896,0.099139,3.458416,0.382787,0.588052,63.360439
social,3033,4,0.308896,0.284352,3.458417,1.926317,0.588052,63.360439
social,3033,5,0.308896,0.729395,3.458416,1.707620,0.588052,63.360439
social,3033,6,0.308896,0.104322,3.458416,0.698089,0.588052,63.360439
social,3033,7,0.308896,1.130347,3.458416,0.104220,0.588052,63.360439
social,3033,8,0.308896,0.105365,3.458416,0.531966,0.588052,63.360439
social,3033,9,0.308896,0.096642,3.458417,0.326275,0.588052,63.360439
social,3033,10,0.308896,0.144613,3.458416,0.786003,0.588052,63.360439
social,3034,1,0.248589,0.138569,3.237342,1.103365,0.423335,72.718198
social,3034,2,0.248589,0.082640,3.237342,0.813185,0.423335,72.718198
social,3034,3,0.248589,0.087998,3.237342,0.554712,0.423335,72.718198
social,3034,4,0.248589,0.078993,3.237342,1.088346,0.423335,72.718198
social,3034,5,0.248589,0.153935,3.237342,2.527984,0.423335,72.718198
social,3034,6,0.248589,0.097093,3.237342,0.715154,0.423335,72.718198
social,3034,7,0.248589,0.269635,3.237342,0.808983,0.423335,72.718198
social,3034,8,0.248589,0.111793,3.237342,1.590714,0.423335,72.718198
social,3034,9,0.248589,0.075268,3.237342,0.605790,0.423335,72.718198
social,3034,10,0.248589,0.109680,3.237342,0.609020,0.423335,72.718198
social,3036,1,0.006762,0.199415,43.378590,296.107756,0.628454,60.717560
social,3036,2,0.006763,0.025321,43.371534,156.057621,0.628454,60.717560
social,3036,3,0.006761,0.050056,43.385947,308.104521,0.628454,60.717560
social,3036,4,0.007095,0.057256,41.424207,354.693743,0.628454,60.717560
social,3036,5,0.006766,0.049680,43.353158,306.377614,0.628454,60.717560
social,3036,6,0.006777,0.040578,43.287282,251.492344,0.628454,60.717560
social,3036,7,0.006781,0.039274,43.263008,242.221381,0.628454,60.717560
social,3036,8,0.006766,0.046635,43.354004,271.781369,0.628454,60.717560
social,3036,9,0.006772,0.044062,43.317458,272.120509,0.628454,60.717560
social,3036,10,0.006769,0.057092,43.338887,353.131161,0.628454,60.717560
social,3037,1,0.219016,0.079227,5.465751,1.254459,0.645283,55.823317
social,3037,2,0.219016,2.508514,5.465752,7.088857,0.645283,55.823317
social,3037,3,0.219016,0.177412,5.465751,0.203313,0.645283,55.823317
social,3037,4,0.219016,0.101195,5.465751,0.710398,0.645283,55.823317
social,3037,5,0.219016,0.116855,5.465752,1.516200,0.645283,55.823317
social,3037,6,0.219016,0.257706,5.465751,1.938820,0.645283,55.823317
social,3037,7,0.219016,0.090670,5.465751,1.701504,0.645283,55.823317
social,3037,8,0.219016,0.076955,5.465751,1.984003,0.645283,55.823317
social,3037,9,0.219016,0.076565,5.465751,2.001925,0.645283,55.823317
social,3037,10,0.219016,0.094102,5.465751,0.973648,0.645283,55.823317
social,3039,1,0.425093,0.512392,0.547800,0.443165,0.034872,141.647383
social,3039,2,0.425092,0.275997,0.547800,0.228855,0.034872,141.647383
social,3039,3,0.425093,0.304310,0.547800,0.019157,0.034872,141.647383
social,3039,4,0.425093,0.107768,0.547801,0.317687,0.034872,141.647383
social,3039,5,0.425093,0.460944,0.547800,0.279702,0.034872,141.647383
social,3039,6,0.425092,0.713092,0.547800,0.328998,0.034872,141.647383
social,3039,7,0.425093,0.358935,0.547800,0.497652,0.034872,141.647383
social,3039,8,0.425093,0.161232,0.547800,0.139452,0.034872,141.647383
social,3039,9,0.425093,3.148026,0.547800,0.391727,0.034872,141.647383
social,3039,10,0.425093,1.108743,0.547800,0.739259,0.034872,141.647383
social,3040,1,0.390487,0.344718,1.334052,0.694525,0.186058,117.451541
social,3040,2,0.390487,1.113140,1.334052,0.486258,0.186058,117.451541
social,3040,3,0.390487,0.195578,1.334052,0.783594,0.186058,117.451541
social,3040,4,0.390487,0.421104,1.334052,1.230881,0.186058,117.451541
social,3040,5,0.390487,0.175567,1.334052,0.113205,0.186058,117.451541
social,3040,6,0.390487,0.183769,1.334052,0.409731,0.186058,117.451541
social,3040,7,0.390487,0.315384,1.334052,0.474926,0.186058,117.451541
social,3040,8,0.390487,4.451835,1.334052,0.676230,0.186058,117.451541
social,3040,9,0.390487,0.066460,1.334052,0.516289,0.186058,117.451541
social,3040,10,0.390487,1.416063,1.334052,1.353421,0.186058,117.451541
social,3041,1,0.051347,0.121983,49.999988,5.636111,0.774986,40.403920
social,3041,2,0.394204,0.144045,9.571368,6.612368,0.774986,40.403920
social,3041,3,0.394204,0.098587,9.571367,3.994733,0.774986,40.403920
social,3041,4,0.394204,0.106969,9.571368,3.020824,0.774986,40.403920
social,3041,5,0.051346,0.103757,49.999992,2.650261,0.774986,40.403920
social,3041,6,0.394204,0.110833,9.571368,3.056020,0.774986,40.403920
social,3041,7,0.394204,0.065306,9.571368,2.693732,0.774986,40.403920
social,3041,8,0.394204,0.759505,9.571368,1.904120,0.774986,40.403920
social,3041,9,0.394204,0.158256,9.571368,4.877316,0.774986,40.403920
social,3041,10,0.394204,0.111963,9.571368,5.567080,0.774986,40.403920
social,3043,1,0.002231,0.002045,49.999198,41.367351,0.067921,130.547390
social,3043,2,0.002231,0.002309,49.999968,31.708900,0.067921,130.547390
social,3043,3,0.002232,0.003418,49.995984,73.766443,0.067921,130.547390
social,3043,4,0.002231,0.001587,49.999358,28.428889,0.067921,130.547390
social,3043,5,1.000000,0.003851,0.725795,70.644776,0.067921,130.547390
social,3043,6,0.002231,0.002244,49.999992,50.422773,0.067921,130.547390
social,3043,7,0.002232,0.004612,49.995990,96.043053,0.067921,130.547390
social,3043,8,0.002231,0.003162,49.999198,78.422527,0.067921,130.547390
social,3043,9,0.999999,0.000946,0.725795,10.799582,0.067921,130.547390
social,3043,10,1.000000,0.004017,0.725795,90.651131,0.067921,130.547390
social,3044,1,0.349448,0.086840,4.446764,0.270202,0.728114,46.107567
social,3044,2,0.349448,0.100315,4.446764,0.849856,0.728114,46.107567
social,3044,3,0.349448,0.136095,4.446764,0.679353,0.728114,46.107567
social,3044,4,0.349448,0.094134,4.446764,0.868003,0.728114,46.107567
social,3044,5,0.349448,0.206786,4.446764,0.578061,0.728114,46.107567
social,3044,6,0.349448,0.116724,4.446764,1.880146,0.728114,46.107567
social,3044,7,0.349448,0.247620,4.446764,1.275813,0.728114,46.107567
social,3044,8,0.349448,0.114579,4.446764,0.905913,0.728114,46.107567
social,3044,9,0.349448,0.362221,4.446764,0.313700,0.728114,46.107567
social,3044,10,0.349448,0.096534,4.446764,1.544888,0.728114,46.107567
social,3046,1,0.046757,0.014076,49.999727,71.244740,0.923605,19.674922
social,3046,2,0.046757,0.079703,49.999986,76.803098,0.923605,19.674922
social,3046,3,0.046757,0.059000,49.999986,56.559231,0.923605,19.674922
social,3046,4,0.046757,0.048306,49.999986,80.325695,0.923605,19.674922
social,3046,5,0.046757,0.078844,49.999986,78.560547,0.923605,19.674922
social,3046,6,0.046757,0.070415,49.999986,68.047954,0.923605,19.674922
social,3046,7,0.046757,0.066044,49.999986,63.559829,0.923605,19.674922
social,3046,8,0.046757,0.073598,49.999986,71.368376,0.923605,19.674922
social,3046,9,0.046757,0.078439,49.999986,76.309369,0.923605,19.674922
social,3046,10,0.046757,0.085763,49.999932,73.591277,0.923605,19.674922
social,3049,1,0.003063,0.001625,49.999952,23.631356,0.373328,89.859124
social,3049,2,0.003064,0.011197,49.994038,126.157410,0.373328,89.859124
social,3049,3,0.003064,0.002628,49.994038,42.590258,0.373328,89.859124
social,3049,4,0.003109,0.006000,49.276787,90.492328,0.373328,89.859124
social,3049,5,0.003064,0.003614,49.998807,54.372719,0.373328,89.859124
social,3049,6,0.003064,0.001110,49.995231,14.379536,0.373328,89.859124
social,3049,7,0.003065,0.001412,49.976171,20.301597,0.373328,89.859124
social,3049,8,0.003109,0.003227,49.276540,51.052864,0.373328,89.859124
social,3049,9,0.003064,0.003243,49.998807,65.679732,0.373328,89.859124
social,3049,10,0.003065,0.003711,49.970222,58.632727,0.373328,89.859124
social,3052,1,0.002150,0.001201,49.527100,25.890974,0.288279,105.862147
social,3052,2,0.002135,0.001508,49.880048,35.163841,0.288279,105.862146
social,3052,3,0.002130,0.000908,49.996143,17.280770,0.288279,105.862146
social,3052,4,0.002150,0.000599,49.526981,8.892712,0.288279,105.862146
social,3052,5,0.002131,0.002652,49.975915,70.022376,0.288279,105.862146
social,3052,6,0.002129,0.001825,49.999807,39.823522,0.288279,105.862146
social,3052,7,0.002131,0.000927,49.975914,18.610329,0.288279,105.862146
social,3052,8,0.002155,0.002217,49.411573,47.193348,0.288279,105.862147
social,3052,9,0.002135,0.003184,49.880046,49.491403,0.288279,105.862147
social,3052,10,0.002130,0.001122,49.999037,22.166505,0.288279,105.862146
social,3053,1,0.245263,0.087775,5.445218,0.697045,0.626504,57.757538
social,3053,2,0.245263,0.069781,5.445218,0.718969,0.626504,57.757538
social,3053,3,0.245263,0.076436,5.445218,2.633921,0.626504,57.757538
social,3053,4,0.245263,0.062548,5.445218,0.552747,0.626504,57.757538
social,3053,5,0.245263,0.065849,5.445218,1.644056,0.626504,57.757538
social,3053,6,0.245263,0.093394,5.445218,1.528742,0.626504,57.757538
social,3053,7,0.245263,0.047607,5.445218,1.248183,0.626504,57.757538
social,3053,8,0.245263,0.060359,5.445218,1.167035,0.626504,57.757538
social,3053,9,0.245263,0.107086,5.445218,6.258787,0.626504,57.757538
social,3053,10,0.245263,0.209541,5.445218,0.990407,0.626504,57.757538
social,3054,1,0.002410,0.005975,48.420245,138.914490,0.214764,104.748633
social,3054,2,0.002349,0.000732,49.667492,9.097573,0.214764,104.748633
social,3054,3,0.002336,0.001235,49.932783,23.212213,0.214764,104.748632
social,3054,4,0.002333,0.000567,49.986512,2.742748,0.214764,104.748633
social,3054,5,0.002336,0.009334,49.932787,30.767254,0.214764,104.748633
social,3054,6,0.002349,0.004014,49.667496,92.652296,0.214764,104.748633
social,3054,7,0.002333,0.002160,49.986530,44.216246,0.214764,104.748632
social,3054,8,0.002333,0.001492,49.999461,29.503485,0.214764,104.748633
social,3054,9,0.002333,0.008636,49.999461,199.938949,0.214764,104.748633
social,3054,10,0.002336,0.000645,49.932788,10.543190,0.214764,104.748633
social,4002,1,0.029442,0.026299,49.999851,38.499830,0.841892,30.649959
social,4002,2,0.029452,0.019620,49.985121,50.634139,0.841892,30.649959
social,4002,3,0.029442,0.032681,49.999851,50.972549,0.841892,30.649959
social,4002,4,0.029442,0.040363,49.999851,39.488134,0.841892,30.649959
social,4002,5,0.029442,0.034262,49.999881,49.539983,0.841892,30.649959
social,4002,6,0.029452,0.030449,49.985121,44.007824,0.841892,30.649959
social,4002,7,0.029442,0.030579,49.999851,44.419022,0.841892,30.649959
social,4002,8,0.029444,0.028934,49.997018,49.603910,0.841892,30.649959
social,4002,9,0.029442,0.037053,49.999851,49.299781,0.841892,30.649959
social,4002,10,0.029452,0.029314,49.985121,41.320428,0.841892,30.649959
social,4003,1,0.223952,0.067565,8.197349,2.250368,0.588834,66.210001
social,4003,2,0.223952,0.042929,8.197348,4.500219,0.588834,66.210001
social,4003,3,0.223952,0.084151,8.197348,2.245004,0.588834,66.210001
social,4003,4,0.223952,0.122023,8.197348,1.563212,0.588834,66.210001
social,4003,5,0.223952,0.046386,8.197348,1.302468,0.588834,66.210001
social,4003,6,0.223952,0.289982,8.197348,8.328138,0.588834,66.210001
social,4003,7,0.223952,0.066405,8.197348,2.266531,0.588834,66.210001
social,4003,8,0.223952,0.114589,8.197348,1.749003,0.588834,66.210001
social,4003,9,0.223952,0.497799,8.197349,10.151345,0.588834,66.210001
social,4003,10,0.223952,0.091159,8.197348,6.834124,0.588834,66.210001
social,4004,1,0.166448,0.104792,3.203225,0.793235,0.305600,105.474624
social,4004,2,0.166448,0.307600,3.203224,1.629327,0.305600,105.474624
social,4004,3,0.166448,0.118064,3.203225,0.471640,0.305600,105.474624
social,4004,4,0.166448,0.225599,3.203225,0.147636,0.305600,105.474624
social,4004,5,0.166448,0.174035,3.203224,0.624432,0.305600,105.474624
social,4004,6,0.166448,0.114891,3.203224,1.459895,0.305600,105.474624
social,4004,7,0.166448,0.061350,3.203224,0.291827,0.305600,105.474624
social,4004,8,0.166448,0.143063,3.203224,1.692801,0.305600,105.474624
social,4004,9,0.166448,0.190173,3.203224,0.456867,0.305600,105.474624
social,4004,10,0.166448,0.096875,3.203224,0.298030,0.305600,105.474624
social,4005,1,0.134948,0.067857,15.822677,8.056361,0.822011,32.548512
social,4005,2,0.134948,0.487439,15.822675,5.095817,0.822011,32.548512
social,4005,3,0.134948,0.051502,15.822671,3.280102,0.822011,32.548512
social,4005,4,0.134948,1.165594,15.822672,70.669731,0.822011,32.548512
social,4005,5,0.134948,0.158924,15.822674,16.950746,0.822011,32.548512
social,4005,6,0.134948,0.604918,15.822675,1.700943,0.822011,32.548512
social,4005,7,0.134948,0.206723,15.822681,12.859507,0.822011,32.548512
social,4005,8,0.134948,0.489938,15.822677,13.329617,0.822011,32.548512
social,4005,9,0.134948,0.186856,15.822680,8.747271,0.822011,32.548512
social,4005,10,0.134948,0.076550,15.822673,7.446681,0.822011,32.548512
social,4006,1,0.218898,0.240022,13.659603,20.714401,0.900143,22.894867
social,4006,2,0.218898,0.116756,13.659595,3.711998,0.900143,22.894867
social,4006,3,0.218899,0.193196,13.659592,14.286890,0.900143,22.894867
social,4006,4,0.218898,0.163834,13.659599,12.504868,0.900143,22.894867
social,4006,5,0.218898,0.096696,13.659597,7.344680,0.900143,22.894867
social,4006,6,0.218898,0.102731,13.659601,8.902914,0.900143,22.894867
social,4006,7,0.218899,0.374348,13.659591,27.812162,0.900143,22.894867
social,4006,8,0.218898,0.136942,13.659596,10.350203,0.900143,22.894867
social,4006,9,0.218898,0.078646,13.659597,5.027543,0.900143,22.894867
social,4006,10,0.218898,0.162400,13.659595,12.327719,0.900143,22.894867
social,4007,1,0.522984,0.174192,3.475499,0.905452,0.588515,65.073049
social,4007,2,0.522984,0.221051,3.475499,0.770446,0.588515,65.073049
social,4007,3,0.522984,0.173289,3.475499,0.485665,0.588515,65.073049
social,4007,4,0.522984,0.159583,3.475499,0.899499,0.588515,65.073049
social,4007,5,0.522984,1.371032,3.475499,2.404343,0.588515,65.073049
social,4007,6,0.522984,0.360080,3.475499,0.497381,0.588515,65.073049
social,4007,7,0.522984,0.212392,3.475499,0.782789,0.588515,65.073049
social,4007,8,0.522984,0.358962,3.475499,0.521066,0.588515,65.073049
social,4007,9,0.522984,0.312171,3.475499,3.140230,0.588515,65.073049
social,4007,10,0.522984,0.618804,3.475499,0.346767,0.588515,65.073049
social,4008,1,0.010268,0.010889,49.999992,56.206474,0.409629,91.053144
social,4008,2,0.010268,0.013565,49.999844,69.365908,0.409629,91.053144
social,4008,3,0.010268,0.004303,49.999992,6.353800,0.409629,91.053144
social,4008,4,0.010268,0.004832,49.999961,17.201632,0.409629,91.053144
social,4008,5,0.010268,0.004364,49.999961,9.088095,0.409629,91.053144
social,4008,6,0.010269,0.004120,49.999219,3.044489,0.409629,91.053144
social,4008,7,0.010268,0.005095,49.999992,17.070283,0.409629,91.053144
social,4008,8,0.010268,0.008874,49.999992,31.026048,0.409629,91.053144
social,4008,9,0.010269,0.011012,49.999219,55.007470,0.409629,91.053144
social,4008,10,0.010268,0.012166,49.999844,61.485131,0.409629,91.053144
social,4009,1,0.356618,0.117129,6.453135,1.549253,0.813514,35.062801
social,4009,2,0.356618,0.116760,6.453135,1.559954,0.813514,35.062801
social,4009,3,0.356618,0.117104,6.453135,1.538809,0.813514,35.062801
social,4009,4,0.356618,0.117383,6.453135,1.548955,0.813514,35.062801
social,4009,5,0.356618,0.113303,6.453135,1.892840,0.813514,35.062801
social,4009,6,0.356618,0.117055,6.453135,1.541236,0.813514,35.062801
social,4009,7,0.356618,0.227311,6.453135,1.609952,0.813514,35.062801
social,4009,8,0.356618,0.116999,6.453135,1.542894,0.813514,35.062801
social,4009,9,0.356618,0.117392,6.453135,1.542705,0.813514,35.062801
social,4009,10,0.356618,0.117860,6.453135,1.691196,0.813514,35.062801
social,4010,1,0.089438,0.217760,11.891437,12.066324,0.767846,40.024772
social,4010,2,0.089438,0.397787,11.891476,26.761415,0.767846,40.024772
social,4010,3,0.089438,0.334311,11.891438,13.592711,0.767846,40.024772
social,4010,4,0.089438,0.177784,11.891445,14.640002,0.767846,40.024772
social,4010,5,0.089438,0.194325,11.891449,32.011821,0.767846,40.024772
social,4010,6,0.089438,0.111078,11.891437,15.537240,0.767846,40.024772
social,4010,7,0.089439,0.527173,11.891406,9.743645,0.767846,40.024772
social,4010,8,0.089438,0.195305,11.891447,4.860590,0.767846,40.024772
social,4010,9,0.089438,0.229889,11.891455,16.659904,0.767846,40.024772
social,4010,10,0.089438,0.665530,11.891433,27.684043,0.767846,40.024772
social,4012,1,0.271789,0.161342,5.508262,0.724163,0.503103,78.094884
social,4012,2,0.271789,0.737469,5.508261,1.195772,0.503103,78.094884
social,4012,3,0.271789,0.093660,5.508262,1.716209,0.503103,78.094884
social,4012,4,0.271789,0.091374,5.508261,0.535942,0.503103,78.094884
social,4012,5,0.271789,0.065008,5.508261,3.998957,0.503103,78.094884
social,4012,6,0.271789,0.078203,5.508261,1.476603,0.503103,78.094884
social,4012,7,0.271789,0.124154,5.508261,2.660406,0.503103,78.094884
social,4012,8,0.271789,0.252617,5.508261,1.875674,0.503103,78.094884
social,4012,9,0.271789,0.263251,5.508261,7.493615,0.503103,78.094884
social,4012,10,0.271789,0.089052,5.508262,3.973441,0.503103,78.094884
social,4013,1,0.195123,0.086028,5.505627,1.454198,0.736690,45.712911
social,4013,2,0.195123,0.643104,5.505627,0.261862,0.736690,45.712911
social,4013,3,0.195123,0.071866,5.505627,0.447792,0.736690,45.712911
social,4013,4,0.195123,0.530153,5.505627,2.408858,0.736690,45.712911
social,4013,5,0.195123,0.049393,5.505627,1.926876,0.736690,45.712911
social,4013,6,0.195123,0.079485,5.505627,1.738826,0.736690,45.712911
social,4013,7,0.195123,0.096095,5.505627,1.247414,0.736690,45.712911
social,4013,8,0.195123,0.064294,5.505627,1.183452,0.736690,45.712911
social,4013,9,0.195123,0.068806,5.505627,0.703242,0.736690,45.712911
social,4013,10,0.195123,0.146214,5.505627,0.333311,0.736690,45.712911
social,4014,1,0.450441,0.072270,13.525889,4.349980,0.877100,26.057365
social,4014,2,0.450441,0.074958,13.525889,4.725049,0.877100,26.057365
social,4014,3,0.450441,0.073554,13.525890,3.999922,0.877100,26.057365
social,4014,4,0.450441,0.076375,13.525890,4.810936,0.877100,26.057365
social,4014,5,0.450441,0.069611,13.525889,10.048678,0.877100,26.057365
social,4014,6,0.450441,0.068338,13.525889,5.200524,0.877100,26.057365
social,4014,7,0.450441,0.072027,13.525889,4.044653,0.877100,26.057365
social,4014,8,0.450441,0.073571,13.525889,2.824315,0.877100,26.057365
social,4014,9,0.450441,0.076597,13.525889,4.394206,0.877100,26.057365
social,4014,10,0.033238,0.075521,50.000000,5.201691,0.877100,26.057365
social,4015,1,0.000797,0.019534,49.370005,1293.141807,0.015497,130.445424
social,4015,2,0.000797,0.005209,49.369734,52.513936,0.015497,130.445426
social,4015,3,0.000789,0.003893,49.871444,97.399928,0.015497,130.445424
social,4015,4,0.000835,0.001391,47.124484,78.725619,0.015497,130.445424
social,4015,5,0.000789,0.000522,49.871388,11.360137,0.015497,130.445426
social,4015,6,0.000826,0.002719,47.640693,169.378824,0.015497,130.445424
social,4015,7,0.000835,0.002416,47.124798,133.498789,0.015497,130.445424
social,4015,8,0.000789,0.001073,49.870902,90.908950,0.015497,130.445424
social,4015,9,0.000789,0.000313,49.871383,0.000000,0.015497,130.445426
social,4015,10,0.000787,0.000405,49.994831,0.000000,0.015497,130.445424
social,4016,1,0.206279,0.064381,43.966161,30.927385,0.956773,15.202940
social,4016,2,0.206279,0.064418,43.966165,30.928600,0.956773,15.202940
social,4016,3,0.206279,0.064357,43.966165,30.775364,0.956773,15.202940
social,4016,4,0.206279,0.064378,43.966163,30.613323,0.956773,15.202940
social,4016,5,0.206279,0.064300,43.966162,30.872790,0.956773,15.202940
social,4016,6,0.206279,0.064341,43.966165,30.667925,0.956773,15.202940
social,4016,7,0.206279,0.064337,43.966164,30.543672,0.956773,15.202940
social,4016,8,0.206279,0.064308,43.966164,30.597996,0.956773,15.202940
social,4016,9,0.206279,0.064559,43.966124,30.965070,0.956773,15.202940
social,4016,10,0.206279,0.064300,43.966175,30.430414,0.956773,15.202940
social,4017,1,0.302322,0.095706,7.187297,1.951821,0.775284,40.362551
social,4017,2,0.302322,0.183958,7.187297,2.498455,0.775284,40.362551
social,4017,3,0.302322,0.194679,7.187297,3.326544,0.775284,40.362551
social,4017,4,0.302322,0.115996,7.187297,1.836918,0.775284,40.362551
social,4017,5,0.302322,0.108851,7.187297,1.919411,0.775284,40.362551
social,4017,6,0.302322,0.104319,7.187297,1.938800,0.775284,40.362551
social,4017,7,0.302322,0.112246,7.187297,2.735284,0.775284,40.362551
social,4017,8,0.302322,0.119238,7.187297,1.411511,0.775284,40.362551
social,4017,9,0.302322,0.123035,7.187297,2.951561,0.775284,40.362551
social,4017,10,0.302322,0.194080,7.187297,1.836283,0.775284,40.362551
social,4018,1,0.074067,0.177625,22.071518,28.872091,0.881485,25.640026
social,4018,2,0.074067,0.201589,22.071554,60.408491,0.881485,25.640026
social,4018,3,0.074067,0.128340,22.071558,28.013666,0.881485,25.640026
social,4018,4,0.074067,0.100432,22.071584,31.761498,0.881485,25.640026
social,4018,5,0.074067,0.323972,22.071577,28.541188,0.881485,25.640026
social,4018,6,0.074067,0.133978,22.071552,36.708648,0.881485,25.640026
social,4018,7,0.074067,0.227682,22.071553,30.002909,0.881485,25.640026
social,4018,8,0.074067,0.217832,22.071565,68.584402,0.881485,25.640026
social,4018,9,0.074067,0.091069,22.071552,27.953355,0.881485,25.640026
social,4018,10,0.074067,0.048270,22.071594,13.762741,0.881485,25.640026
social,4019,1,0.075633,0.076636,37.050113,85.930143,0.906631,22.004522
social,4019,2,0.075633,0.115501,37.050134,57.573260,0.906631,22.004522
social,4019,3,0.075634,0.317611,37.050045,58.669060,0.906631,22.004522
social,4019,4,0.075633,0.117394,37.050112,58.494035,0.906631,22.004522
social,4019,5,0.075633,0.106341,37.050104,56.762660,0.906631,22.004522
social,4019,6,0.075634,1.335852,37.050025,61.855844,0.906631,22.004522
social,4019,7,0.075634,0.115761,37.050037,57.590947,0.906631,22.004522
social,4019,8,0.075633,0.118148,37.050192,58.915766,0.906631,22.004522
social,4019,9,0.075633,0.117616,37.050124,58.649000,0.906631,22.004522
social,4019,10,0.075633,0.109666,37.050098,55.138427,0.906631,22.004522
social,4020,1,0.167391,0.113668,5.679612,1.538583,0.429691,88.271914
social,4020,2,0.167391,0.114925,5.679613,1.318592,0.429691,88.271914
social,4020,3,0.167391,0.104855,5.679613,1.644137,0.429691,88.271914
social,4020,4,0.167391,0.129856,5.679613,0.662249,0.429691,88.271914
social,4020,5,0.167391,0.083469,5.679613,1.140936,0.429691,88.271914
social,4020,6,0.167391,1.766544,5.679613,11.595499,0.429691,88.271914
social,4020,7,0.167391,0.201905,5.679613,0.521172,0.429691,88.271914
social,4020,8,0.167391,0.109577,5.679613,1.437114,0.429691,88.271914
social,4020,9,0.167391,0.168249,5.679613,1.866180,0.429691,88.271914
social,4020,10,0.167391,0.122027,5.679613,1.259766,0.429691,88.271914
social,4021,1,0.018144,0.015430,49.999946,37.640285,0.784610,37.793691
social,4021,2,0.018144,0.019739,49.999997,45.878716,0.784610,37.793691
social,4021,3,0.368375,0.019797,6.622026,48.472026,0.784610,37.793691
social,4021,4,0.368375,0.026069,6.622026,58.605427,0.784610,37.793691
social,4021,5,0.018144,0.008348,49.999987,16.766224,0.784610,37.793691
social,4021,6,0.018144,0.008106,49.999933,15.771670,0.784610,37.793691
social,4021,7,0.018144,0.021841,49.999997,46.087982,0.784610,37.793691
social,4021,8,0.018144,0.015603,49.999933,40.027265,0.784610,37.793691
social,4021,9,0.018144,0.007502,49.999997,14.402688,0.784610,37.793691
social,4021,10,0.018144,0.009156,49.999997,20.074713,0.784610,37.793691
social,4022,1,0.125190,0.039038,3.827883,3.496387,0.301835,105.008571
social,4022,2,0.125190,0.041153,3.827883,1.652705,0.301835,105.008571
social,4022,3,0.125190,0.314217,3.827883,1.082971,0.301835,105.008571
social,4022,4,0.125190,0.178190,3.827883,3.665764,0.301835,105.008571
social,4022,5,0.125190,0.121568,3.827883,0.619072,0.301835,105.008571
social,4022,6,0.125190,0.090095,3.827883,0.209260,0.301835,105.008571
social,4022,7,0.125190,0.683086,3.827882,7.033603,0.301835,105.008571
social,4022,8,0.125190,0.253936,3.827883,3.973493,0.301835,105.008571
social,4022,9,0.125190,0.192366,3.827883,3.818839,0.301835,105.008571
social,4022,10,0.125190,0.119864,3.827883,2.539661,0.301835,105.008571
social,4023,1,0.165101,0.108901,3.150672,0.579763,0.293566,106.143412
social,4023,2,0.165100,0.146183,3.150672,1.200144,0.293566,106.143412
social,4023,3,0.165101,0.075535,3.150672,1.355813,0.293566,106.143412
social,4023,4,0.165101,0.121197,3.150672,1.496127,0.293566,106.143412
social,4023,5,0.165101,0.102962,3.150672,0.135442,0.293566,106.143412
social,4023,6,0.165100,0.102583,3.150672,0.830477,0.293566,106.143412
social,4023,7,0.165101,0.191335,3.150672,2.373646,0.293566,106.143412
social,4023,8,0.165101,0.090970,3.150672,0.693948,0.293566,106.143412
social,4023,9,0.165101,0.114697,3.150672,1.489807,0.293566,106.143412
social,4023,10,0.165101,0.093704,3.150672,0.753404,0.293566,106.143412
social,4025,1,0.197798,0.071392,14.390276,4.418011,0.807466,35.901166
social,4025,2,0.197798,0.056343,14.390276,5.381475,0.807466,35.901166
social,4025,3,0.197798,0.146237,14.390276,4.906158,0.807466,35.901166
social,4025,4,0.197798,0.107729,14.390277,7.019248,0.807466,35.901166
social,4025,5,0.197798,3.671178,14.390276,4.401150,0.807466,35.901166
social,4025,6,0.197798,0.051859,14.390278,3.302577,0.807466,35.901166
social,4025,7,0.197798,0.055859,14.390277,5.525220,0.807466,35.901166
social,4025,8,0.197798,1.480028,14.390276,9.528231,0.807466,35.901166
social,4025,9,0.197798,0.039530,14.390275,3.814979,0.807466,35.901166
social,4025,10,0.197798,0.187105,14.390277,6.042255,0.807466,35.901166
social,4026,1,0.239098,0.144025,12.762346,9.070611,0.858869,27.043258
social,4026,2,0.239098,0.463860,12.762343,11.563843,0.858869,27.043258
social,4026,3,0.239098,0.088142,12.762346,3.049712,0.858869,27.043258
social,4026,4,0.239098,0.242585,12.762346,13.666567,0.858869,27.043258
social,4026,5,0.239098,0.098688,12.762345,6.219838,0.858869,27.043258
social,4026,6,0.239098,0.152688,12.762345,8.920943,0.858869,27.043258
social,4026,7,0.239098,0.103961,12.762344,8.947377,0.858869,27.043258
social,4026,8,0.239098,0.156407,12.762343,9.568783,0.858869,27.043258
social,4026,9,0.239098,0.161127,12.762346,9.951698,0.858869,27.043258
social,4026,10,0.239098,0.146807,12.762347,9.005100,0.858869,27.043258
social,4027,1,0.598326,0.154555,3.673836,0.749787,0.570928,68.077455
social,4027,2,0.598326,0.158196,3.673836,0.962596,0.570928,68.077455
social,4027,3,0.598326,0.146663,3.673836,0.963123,0.570928,68.077455
social,4027,4,0.598326,0.173687,3.673836,0.795131,0.570928,68.077455
social,4027,5,0.598326,0.134624,3.673836,0.905052,0.570928,68.077455
social,4027,6,0.598326,0.163764,3.673836,1.174265,0.570928,68.077455
social,4027,7,0.598326,0.146428,3.673836,0.781423,0.570928,68.077455
social,4027,8,0.598326,0.447699,3.673836,0.383313,0.570928,68.077455
social,4027,9,0.598326,0.586701,3.673836,3.348896,0.570928,68.077455
social,4027,10,0.598326,0.173010,3.673836,1.387807,0.570928,68.077455
social,4028,1,0.204836,0.053369,6.313781,1.344877,0.635179,59.785265
social,4028,2,0.204836,0.045567,6.313780,0.965357,0.635179,59.785265
social,4028,3,0.204836,0.044638,6.313781,1.593800,0.635179,59.785265
social,4028,4,0.204836,0.120290,6.313781,0.710363,0.635179,59.785265
social,4028,5,0.204836,0.064901,6.313781,1.041982,0.635179,59.785265
social,4028,6,0.204836,0.054672,6.313781,0.605267,0.635179,59.785265
social,4028,7,0.204836,0.068583,6.313781,0.912484,0.635179,59.785265
social,4028,8,0.204836,0.067214,6.313781,0.903427,0.635179,59.785265
social,4028,9,0.204836,0.047757,6.313781,1.575014,0.635179,59.785265
social,4028,10,0.204836,0.066818,6.313781,2.689510,0.635179,59.785265
social,4029,1,0.015430,0.026686,49.999880,91.230929,0.775247,39.039839
social,4029,2,0.015430,0.009700,49.999981,29.642141,0.775247,39.039839
social,4029,3,0.015430,0.082445,49.999521,33.458066,0.775247,39.039839
social,4029,4,0.015430,0.011588,49.999880,37.090078,0.775247,39.039839
social,4029,5,0.015430,0.023787,49.999976,72.908203,0.775247,39.039839
social,4029,6,0.015430,0.014604,49.999981,56.092343,0.775247,39.039839
social,4029,7,0.015430,0.029277,49.999880,81.878521,0.775247,39.039839
social,4029,8,0.015430,0.073685,49.999521,111.292774,0.775247,39.039839
social,4029,9,0.015430,0.022569,49.999521,65.986608,0.775247,39.039839
social,4029,10,0.015430,0.027098,49.999521,88.541767,0.775247,39.039839
social,4030,1,0.033529,0.027014,18.610018,11.541494,0.693286,49.054982
social,4030,2,0.033529,0.103658,18.609964,55.842946,0.693286,49.054982
social,4030,3,0.033529,0.048675,18.609907,53.695873,0.693286,49.054982
social,4030,4,0.033528,0.116495,18.610282,55.339129,0.693286,49.054982
social,4030,5,0.033529,0.034136,18.609974,28.263384,0.693286,49.054982
social,4030,6,0.033528,0.049685,18.610318,87.277215,0.693286,49.054982
social,4030,7,0.033528,0.159665,18.610469,55.401780,0.693286,49.054982
social,4030,8,0.033529,0.446784,18.609971,170.425565,0.693286,49.054982
social,4030,9,0.033528,4.644164,18.610171,124.840024,0.693286,49.054982
social,4030,10,0.033528,0.057294,18.610462,32.184979,0.693286,49.054982
social,4031,1,0.193087,0.336723,5.446009,0.505330,0.617968,60.521410
social,4031,2,0.193087,0.128577,5.446009,1.375346,0.617968,60.521410
social,4031,3,0.193087,0.052818,5.446009,3.396537,0.617968,60.521410
social,4031,4,0.193087,0.412734,5.446009,0.729033,0.617968,60.521410
social,4031,5,0.193087,0.037809,5.446009,0.863808,0.617968,60.521410
social,4031,6,0.193087,0.082249,5.446009,1.178199,0.617968,60.521410
social,4031,7,0.193086,0.091209,5.446010,0.907557,0.617968,60.521410
social,4031,8,0.193087,0.397557,5.446009,0.727709,0.617968,60.521410
social,4031,9,0.193087,0.057759,5.446009,2.586109,0.617968,60.521410
social,4031,10,0.193087,1.078257,5.446009,4.198841,0.617968,60.521410
social,4033,1,0.003374,0.003476,49.998837,49.873779,0.409313,83.538535
social,4033,2,0.003375,0.001787,49.994185,23.322585,0.409313,83.538535
social,4033,3,0.003374,0.011049,49.998837,157.101628,0.409313,83.538535
social,4033,4,0.003424,0.003506,49.294136,50.106359,0.409313,83.538535
social,4033,5,0.003374,0.002127,49.999988,29.605209,0.409313,83.538535
social,4033,6,0.003376,0.002376,49.970953,32.769448,0.409313,83.538535
social,4033,7,0.003374,0.005094,49.998837,80.254869,0.409313,83.538535
social,4033,8,0.003384,0.012259,49.855440,177.432458,0.409313,83.538535
social,4033,9,0.003375,0.001219,49.994185,13.954730,0.409313,83.538535
social,4033,10,0.003375,0.009198,49.995348,135.640288,0.409313,83.538535
social,4034,1,0.372881,0.072275,6.569367,1.418661,0.778778,39.878282
social,4034,2,0.372881,0.097685,6.569367,1.939945,0.778778,39.878282
social,4034,3,0.372881,0.112258,6.569367,4.269760,0.778778,39.878282
social,4034,4,0.372881,0.099492,6.569367,1.366438,0.778778,39.878282
social,4034,5,0.372881,0.100397,6.569367,1.723453,0.778778,39.878282
social,4034,6,0.372881,0.147426,6.569367,3.515597,0.778778,39.878282
social,4034,7,0.372881,0.270237,6.569367,1.837353,0.778778,39.878282
social,4034,8,0.372881,0.101111,6.569367,1.014232,0.778778,39.878282
social,4034,9,0.372881,0.119780,6.569367,1.623420,0.778778,39.878282
social,4034,10,0.372881,0.133533,6.569367,1.371738,0.778778,39.878282
social,4035,1,0.170770,0.079676,4.082370,1.054547,0.541791,71.420825
social,4035,2,0.170770,0.055504,4.082370,1.195315,0.541791,71.420825
social,4035,3,0.170770,0.119517,4.082371,1.181639,0.541791,71.420825
social,4035,4,0.170770,0.100095,4.082370,0.528069,0.541791,71.420825
social,4035,5,0.170770,0.050536,4.082371,0.377971,0.541791,71.420825
social,4035,6,0.170770,0.105397,4.082370,2.685016,0.541791,71.420825
social,4035,7,0.170770,0.088779,4.082371,0.963893,0.541791,71.420825
social,4035,8,0.170770,0.077496,4.082371,0.815545,0.541791,71.420825
social,4035,9,0.170770,0.391119,4.082370,1.746014,0.541791,71.420825
social,4035,10,0.170770,0.073169,4.082370,0.846995,0.541791,71.420825
social,4036,1,0.659767,0.251071,4.284302,0.390933,0.666489,55.444847
social,4036,2,0.659767,0.273797,4.284302,0.631305,0.666489,55.444847
social,4036,3,0.659767,0.177034,4.284302,1.187334,0.666489,55.444847
social,4036,4,0.659767,0.268224,4.284302,1.725819,0.666489,55.444847
social,4036,5,0.659767,0.151372,4.284301,1.302013,0.666489,55.444847
social,4036,6,0.659767,0.331046,4.284301,1.542861,0.666489,55.444847
social,4036,7,0.659767,0.181643,4.284302,0.759767,0.666489,55.444847
social,4036,8,0.659767,0.253282,4.284302,1.009425,0.666489,55.444847
social,4036,9,0.659767,0.284910,4.284302,1.585099,0.666489,55.444847
social,4036,10,0.659767,0.161031,4.284302,1.182495,0.666489,55.444847
